SiteID,Date _SlugAddition,Dectime_hour,BCSC_uS_cm,,
STR1,8/5/2024,15.4333,0,,
STR1,8/5/2024,15.4336,0,,
STR1,8/5/2024,15.4339,0,,
STR1,8/5/2024,15.4342,0,,
STR1,8/5/2024,15.4344,0,,
STR1,8/5/2024,15.4347,0,,
STR1,8/5/2024,15.4350,0,,
STR1,8/5/2024,15.4353,0,,
STR1,8/5/2024,15.4356,0,,
STR1,8/5/2024,15.4358,0,,
STR1,8/5/2024,15.4361,0,,
STR1,8/5/2024,15.4364,0,,
STR1,8/5/2024,15.4367,0,,
STR1,8/5/2024,15.4369,0,,
STR1,8/5/2024,15.4372,0,,
STR1,8/5/2024,15.4375,0,,
STR1,8/5/2024,15.4378,0,,
STR1,8/5/2024,15.4381,0,,
STR1,8/5/2024,15.4383,0,,
STR1,8/5/2024,15.4386,0,,
STR1,8/5/2024,15.4389,0,,
STR1,8/5/2024,15.4392,0,,
STR1,8/5/2024,15.4394,0,,
STR1,8/5/2024,15.4397,0,,
STR1,8/5/2024,15.4400,0,,
STR1,8/5/2024,15.4403,0,,
STR1,8/5/2024,15.4406,0,,
STR1,8/5/2024,15.4408,0,,
STR1,8/5/2024,15.4411,0,,
STR1,8/5/2024,15.4414,0,,
STR1,8/5/2024,15.4417,0,,
STR1,8/5/2024,15.4419,0,,
STR1,8/5/2024,15.4422,0,,
STR1,8/5/2024,15.4425,0,,
STR1,8/5/2024,15.4428,0,,
STR1,8/5/2024,15.4431,0,,
STR1,8/5/2024,15.4433,0,,
STR1,8/5/2024,15.4436,0,,
STR1,8/5/2024,15.4439,0,,
STR1,8/5/2024,15.4442,0,,
STR1,8/5/2024,15.4444,0,,
STR1,8/5/2024,15.4447,0,,
STR1,8/5/2024,15.4450,0,,
STR1,8/5/2024,15.4453,0,,
STR1,8/5/2024,15.4456,0,,
STR1,8/5/2024,15.4458,0,,
STR1,8/5/2024,15.4461,0,,
STR1,8/5/2024,15.4464,0,,
STR1,8/5/2024,15.4467,0,,
STR1,8/5/2024,15.4469,0,,
STR1,8/5/2024,15.4472,0,,
STR1,8/5/2024,15.4475,0,,
STR1,8/5/2024,15.4478,0,,
STR1,8/5/2024,15.4481,0,,
STR1,8/5/2024,15.4483,0,,
STR1,8/5/2024,15.4486,1,,
STR1,8/5/2024,15.4489,1,,
STR1,8/5/2024,15.4492,1,,
STR1,8/5/2024,15.4494,2,,
STR1,8/5/2024,15.4497,3,,
STR1,8/5/2024,15.4500,3,,
STR1,8/5/2024,15.4503,4,,
STR1,8/5/2024,15.4506,4,,
STR1,8/5/2024,15.4508,5,,
STR1,8/5/2024,15.4511,7,,
STR1,8/5/2024,15.4514,8,,
STR1,8/5/2024,15.4517,9,,
STR1,8/5/2024,15.4519,9,,
STR1,8/5/2024,15.4522,10,,
STR1,8/5/2024,15.4525,13,,
STR1,8/5/2024,15.4528,17,,
STR1,8/5/2024,15.4531,20,,
STR1,8/5/2024,15.4533,20,,
STR1,8/5/2024,15.4536,22,,
STR1,8/5/2024,15.4539,26,,
STR1,8/5/2024,15.4542,31,,
STR1,8/5/2024,15.4544,40,,
STR1,8/5/2024,15.4547,47,,
STR1,8/5/2024,15.4550,53,,
STR1,8/5/2024,15.4553,56,,
STR1,8/5/2024,15.4556,56,,
STR1,8/5/2024,15.4558,56,,
STR1,8/5/2024,15.4561,57,,
STR1,8/5/2024,15.4564,60,,
STR1,8/5/2024,15.4567,63,,
STR1,8/5/2024,15.4569,69,,
STR1,8/5/2024,15.4572,73,,
STR1,8/5/2024,15.4575,82,,
STR1,8/5/2024,15.4578,95,,
STR1,8/5/2024,15.4581,107,,
STR1,8/5/2024,15.4583,127,,
STR1,8/5/2024,15.4586,148,,
STR1,8/5/2024,15.4589,156,,
STR1,8/5/2024,15.4592,154,,
STR1,8/5/2024,15.4594,156,,
STR1,8/5/2024,15.4597,164,,
STR1,8/5/2024,15.4600,172,,
STR1,8/5/2024,15.4603,183,,
STR1,8/5/2024,15.4606,189,,
STR1,8/5/2024,15.4608,184,,
STR1,8/5/2024,15.4611,186,,
STR1,8/5/2024,15.4614,206,,
STR1,8/5/2024,15.4617,231,,
STR1,8/5/2024,15.4619,252,,
STR1,8/5/2024,15.4622,261,,
STR1,8/5/2024,15.4625,270,,
STR1,8/5/2024,15.4628,283,,
STR1,8/5/2024,15.4631,298,,
STR1,8/5/2024,15.4633,314,,
STR1,8/5/2024,15.4636,324,,
STR1,8/5/2024,15.4639,329,,
STR1,8/5/2024,15.4642,341,,
STR1,8/5/2024,15.4644,354,,
STR1,8/5/2024,15.4647,362,,
STR1,8/5/2024,15.4650,370,,
STR1,8/5/2024,15.4653,378,,
STR1,8/5/2024,15.4656,375,,
STR1,8/5/2024,15.4658,380,,
STR1,8/5/2024,15.4661,394,,
STR1,8/5/2024,15.4664,394,,
STR1,8/5/2024,15.4667,393,,
STR1,8/5/2024,15.4669,398,,
STR1,8/5/2024,15.4672,407,,
STR1,8/5/2024,15.4675,418,,
STR1,8/5/2024,15.4678,433,,
STR1,8/5/2024,15.4681,457,,
STR1,8/5/2024,15.4683,472,,
STR1,8/5/2024,15.4686,484,,
STR1,8/5/2024,15.4689,485,,
STR1,8/5/2024,15.4692,488,,
STR1,8/5/2024,15.4694,493,,
STR1,8/5/2024,15.4697,500,,
STR1,8/5/2024,15.4700,508,,
STR1,8/5/2024,15.4703,512,,
STR1,8/5/2024,15.4706,521,,
STR1,8/5/2024,15.4708,532,,
STR1,8/5/2024,15.4711,542,,
STR1,8/5/2024,15.4714,548,,
STR1,8/5/2024,15.4717,557,,
STR1,8/5/2024,15.4719,575,,
STR1,8/5/2024,15.4722,583,,
STR1,8/5/2024,15.4725,586,,
STR1,8/5/2024,15.4728,590,,
STR1,8/5/2024,15.4731,596,,
STR1,8/5/2024,15.4733,597,,
STR1,8/5/2024,15.4736,601,,
STR1,8/5/2024,15.4739,604,,
STR1,8/5/2024,15.4742,603,,
STR1,8/5/2024,15.4744,600,,
STR1,8/5/2024,15.4747,599,,
STR1,8/5/2024,15.4750,602,,
STR1,8/5/2024,15.4753,606,,
STR1,8/5/2024,15.4756,609,,
STR1,8/5/2024,15.4758,609,,
STR1,8/5/2024,15.4761,608,,
STR1,8/5/2024,15.4764,609,,
STR1,8/5/2024,15.4767,610,,
STR1,8/5/2024,15.4769,610,,
STR1,8/5/2024,15.4772,608,,
STR1,8/5/2024,15.4775,605,,
STR1,8/5/2024,15.4778,603,,
STR1,8/5/2024,15.4781,604,,
STR1,8/5/2024,15.4783,606,,
STR1,8/5/2024,15.4786,607,,
STR1,8/5/2024,15.4789,606,,
STR1,8/5/2024,15.4792,604,,
STR1,8/5/2024,15.4794,596,,
STR1,8/5/2024,15.4797,591,,
STR1,8/5/2024,15.4800,589,,
STR1,8/5/2024,15.4803,588,,
STR1,8/5/2024,15.4806,588,,
STR1,8/5/2024,15.4808,586,,
STR1,8/5/2024,15.4811,585,,
STR1,8/5/2024,15.4814,584,,
STR1,8/5/2024,15.4817,584,,
STR1,8/5/2024,15.4819,584,,
STR1,8/5/2024,15.4822,583,,
STR1,8/5/2024,15.4825,581,,
STR1,8/5/2024,15.4828,576,,
STR1,8/5/2024,15.4831,571,,
STR1,8/5/2024,15.4833,564,,
STR1,8/5/2024,15.4836,560,,
STR1,8/5/2024,15.4839,553,,
STR1,8/5/2024,15.4842,547,,
STR1,8/5/2024,15.4844,546,,
STR1,8/5/2024,15.4847,547,,
STR1,8/5/2024,15.4850,547,,
STR1,8/5/2024,15.4853,544,,
STR1,8/5/2024,15.4856,542,,
STR1,8/5/2024,15.4858,542,,
STR1,8/5/2024,15.4861,540,,
STR1,8/5/2024,15.4864,536,,
STR1,8/5/2024,15.4867,532,,
STR1,8/5/2024,15.4869,528,,
STR1,8/5/2024,15.4872,521,,
STR1,8/5/2024,15.4875,518,,
STR1,8/5/2024,15.4878,515,,
STR1,8/5/2024,15.4881,512,,
STR1,8/5/2024,15.4883,508,,
STR1,8/5/2024,15.4886,503,,
STR1,8/5/2024,15.4889,500,,
STR1,8/5/2024,15.4892,498,,
STR1,8/5/2024,15.4894,497,,
STR1,8/5/2024,15.4897,493,,
STR1,8/5/2024,15.4900,487,,
STR1,8/5/2024,15.4903,480,,
STR1,8/5/2024,15.4906,474,,
STR1,8/5/2024,15.4908,468,,
STR1,8/5/2024,15.4911,451,,
STR1,8/5/2024,15.4914,440,,
STR1,8/5/2024,15.4917,435,,
STR1,8/5/2024,15.4919,432,,
STR1,8/5/2024,15.4922,429,,
STR1,8/5/2024,15.4925,426,,
STR1,8/5/2024,15.4928,426,,
STR1,8/5/2024,15.4931,432,,
STR1,8/5/2024,15.4933,433,,
STR1,8/5/2024,15.4936,430,,
STR1,8/5/2024,15.4939,424,,
STR1,8/5/2024,15.4942,419,,
STR1,8/5/2024,15.4944,421,,
STR1,8/5/2024,15.4947,422,,
STR1,8/5/2024,15.4950,419,,
STR1,8/5/2024,15.4953,416,,
STR1,8/5/2024,15.4956,411,,
STR1,8/5/2024,15.4958,407,,
STR1,8/5/2024,15.4961,405,,
STR1,8/5/2024,15.4964,403,,
STR1,8/5/2024,15.4967,399,,
STR1,8/5/2024,15.4969,391,,
STR1,8/5/2024,15.4972,386,,
STR1,8/5/2024,15.4975,384,,
STR1,8/5/2024,15.4978,382,,
STR1,8/5/2024,15.4981,375,,
STR1,8/5/2024,15.4983,366,,
STR1,8/5/2024,15.4986,361,,
STR1,8/5/2024,15.4989,362,,
STR1,8/5/2024,15.4992,364,,
STR1,8/5/2024,15.4994,361,,
STR1,8/5/2024,15.4997,349,,
STR1,8/5/2024,15.5000,338,,
STR1,8/5/2024,15.5003,333,,
STR1,8/5/2024,15.5006,331,,
STR1,8/5/2024,15.5008,326,,
STR1,8/5/2024,15.5011,322,,
STR1,8/5/2024,15.5014,323,,
STR1,8/5/2024,15.5017,324,,
STR1,8/5/2024,15.5019,323,,
STR1,8/5/2024,15.5022,323,,
STR1,8/5/2024,15.5025,320,,
STR1,8/5/2024,15.5028,315,,
STR1,8/5/2024,15.5031,311,,
STR1,8/5/2024,15.5033,305,,
STR1,8/5/2024,15.5036,299,,
STR1,8/5/2024,15.5039,295,,
STR1,8/5/2024,15.5042,285,,
STR1,8/5/2024,15.5044,273,,
STR1,8/5/2024,15.5047,271,,
STR1,8/5/2024,15.5050,270,,
STR1,8/5/2024,15.5053,266,,
STR1,8/5/2024,15.5056,265,,
STR1,8/5/2024,15.5058,266,,
STR1,8/5/2024,15.5061,268,,
STR1,8/5/2024,15.5064,268,,
STR1,8/5/2024,15.5067,263,,
STR1,8/5/2024,15.5069,259,,
STR1,8/5/2024,15.5072,252,,
STR1,8/5/2024,15.5075,244,,
STR1,8/5/2024,15.5078,237,,
STR1,8/5/2024,15.5081,234,,
STR1,8/5/2024,15.5083,232,,
STR1,8/5/2024,15.5086,230,,
STR1,8/5/2024,15.5089,228,,
STR1,8/5/2024,15.5092,227,,
STR1,8/5/2024,15.5094,229,,
STR1,8/5/2024,15.5097,230,,
STR1,8/5/2024,15.5100,228,,
STR1,8/5/2024,15.5103,225,,
STR1,8/5/2024,15.5106,220,,
STR1,8/5/2024,15.5108,212,,
STR1,8/5/2024,15.5111,205,,
STR1,8/5/2024,15.5114,199,,
STR1,8/5/2024,15.5117,194,,
STR1,8/5/2024,15.5119,191,,
STR1,8/5/2024,15.5122,196,,
STR1,8/5/2024,15.5125,202,,
STR1,8/5/2024,15.5128,205,,
STR1,8/5/2024,15.5131,206,,
STR1,8/5/2024,15.5133,204,,
STR1,8/5/2024,15.5136,201,,
STR1,8/5/2024,15.5139,200,,
STR1,8/5/2024,15.5142,194,,
STR1,8/5/2024,15.5144,190,,
STR1,8/5/2024,15.5147,189,,
STR1,8/5/2024,15.5150,187,,
STR1,8/5/2024,15.5153,186,,
STR1,8/5/2024,15.5156,185,,
STR1,8/5/2024,15.5158,183,,
STR1,8/5/2024,15.5161,178,,
STR1,8/5/2024,15.5164,175,,
STR1,8/5/2024,15.5167,170,,
STR1,8/5/2024,15.5169,167,,
STR1,8/5/2024,15.5172,165,,
STR1,8/5/2024,15.5175,162,,
STR1,8/5/2024,15.5178,160,,
STR1,8/5/2024,15.5181,154,,
STR1,8/5/2024,15.5183,150,,
STR1,8/5/2024,15.5186,148,,
STR1,8/5/2024,15.5189,147,,
STR1,8/5/2024,15.5192,147,,
STR1,8/5/2024,15.5194,146,,
STR1,8/5/2024,15.5197,144,,
STR1,8/5/2024,15.5200,143,,
STR1,8/5/2024,15.5203,142,,
STR1,8/5/2024,15.5206,141,,
STR1,8/5/2024,15.5208,140,,
STR1,8/5/2024,15.5211,137,,
STR1,8/5/2024,15.5214,132,,
STR1,8/5/2024,15.5217,123,,
STR1,8/5/2024,15.5219,120,,
STR1,8/5/2024,15.5222,120,,
STR1,8/5/2024,15.5225,120,,
STR1,8/5/2024,15.5228,120,,
STR1,8/5/2024,15.5231,119,,
STR1,8/5/2024,15.5233,118,,
STR1,8/5/2024,15.5236,117,,
STR1,8/5/2024,15.5239,116,,
STR1,8/5/2024,15.5242,115,,
STR1,8/5/2024,15.5244,115,,
STR1,8/5/2024,15.5247,115,,
STR1,8/5/2024,15.5250,114,,
STR1,8/5/2024,15.5253,111,,
STR1,8/5/2024,15.5256,107,,
STR1,8/5/2024,15.5258,105,,
STR1,8/5/2024,15.5261,103,,
STR1,8/5/2024,15.5264,102,,
STR1,8/5/2024,15.5267,102,,
STR1,8/5/2024,15.5269,102,,
STR1,8/5/2024,15.5272,103,,
STR1,8/5/2024,15.5275,102,,
STR1,8/5/2024,15.5278,101,,
STR1,8/5/2024,15.5281,100,,
STR1,8/5/2024,15.5283,98,,
STR1,8/5/2024,15.5286,96,,
STR1,8/5/2024,15.5289,93,,
STR1,8/5/2024,15.5292,92,,
STR1,8/5/2024,15.5294,88,,
STR1,8/5/2024,15.5297,86,,
STR1,8/5/2024,15.5300,85,,
STR1,8/5/2024,15.5303,84,,
STR1,8/5/2024,15.5306,82,,
STR1,8/5/2024,15.5308,81,,
STR1,8/5/2024,15.5311,79,,
STR1,8/5/2024,15.5314,78,,
STR1,8/5/2024,15.5317,79,,
STR1,8/5/2024,15.5319,79,,
STR1,8/5/2024,15.5322,78,,
STR1,8/5/2024,15.5325,77,,
STR1,8/5/2024,15.5328,77,,
STR1,8/5/2024,15.5331,76,,
STR1,8/5/2024,15.5333,74,,
STR1,8/5/2024,15.5336,74,,
STR1,8/5/2024,15.5339,73,,
STR1,8/5/2024,15.5342,73,,
STR1,8/5/2024,15.5344,72,,
STR1,8/5/2024,15.5347,71,,
STR1,8/5/2024,15.5350,70,,
STR1,8/5/2024,15.5353,70,,
STR1,8/5/2024,15.5356,70,,
STR1,8/5/2024,15.5358,69,,
STR1,8/5/2024,15.5361,69,,
STR1,8/5/2024,15.5364,69,,
STR1,8/5/2024,15.5367,68,,
STR1,8/5/2024,15.5369,66,,
STR1,8/5/2024,15.5372,66,,
STR1,8/5/2024,15.5375,66,,
STR1,8/5/2024,15.5378,65,,
STR1,8/5/2024,15.5381,65,,
STR1,8/5/2024,15.5383,65,,
STR1,8/5/2024,15.5386,65,,
STR1,8/5/2024,15.5389,64,,
STR1,8/5/2024,15.5392,63,,
STR1,8/5/2024,15.5394,62,,
STR1,8/5/2024,15.5397,60,,
STR1,8/5/2024,15.5400,59,,
STR1,8/5/2024,15.5403,57,,
STR1,8/5/2024,15.5406,56,,
STR1,8/5/2024,15.5408,55,,
STR1,8/5/2024,15.5411,54,,
STR1,8/5/2024,15.5414,52,,
STR1,8/5/2024,15.5417,51,,
STR1,8/5/2024,15.5419,50,,
STR1,8/5/2024,15.5422,48,,
STR1,8/5/2024,15.5425,47,,
STR1,8/5/2024,15.5428,47,,
STR1,8/5/2024,15.5431,46,,
STR1,8/5/2024,15.5433,45,,
STR1,8/5/2024,15.5436,45,,
STR1,8/5/2024,15.5439,45,,
STR1,8/5/2024,15.5442,45,,
STR1,8/5/2024,15.5444,45,,
STR1,8/5/2024,15.5447,45,,
STR1,8/5/2024,15.5450,44,,
STR1,8/5/2024,15.5453,43,,
STR1,8/5/2024,15.5456,43,,
STR1,8/5/2024,15.5458,42,,
STR1,8/5/2024,15.5461,41,,
STR1,8/5/2024,15.5464,40,,
STR1,8/5/2024,15.5467,40,,
STR1,8/5/2024,15.5469,40,,
STR1,8/5/2024,15.5472,39,,
STR1,8/5/2024,15.5475,39,,
STR1,8/5/2024,15.5478,38,,
STR1,8/5/2024,15.5481,38,,
STR1,8/5/2024,15.5483,37,,
STR1,8/5/2024,15.5486,38,,
STR1,8/5/2024,15.5489,37,,
STR1,8/5/2024,15.5492,36,,
STR1,8/5/2024,15.5494,36,,
STR1,8/5/2024,15.5497,35,,
STR1,8/5/2024,15.5500,34,,
STR1,8/5/2024,15.5503,34,,
STR1,8/5/2024,15.5506,33,,
STR1,8/5/2024,15.5508,32,,
STR1,8/5/2024,15.5511,32,,
STR1,8/5/2024,15.5514,33,,
STR1,8/5/2024,15.5517,32,,
STR1,8/5/2024,15.5519,32,,
STR1,8/5/2024,15.5522,31,,
STR1,8/5/2024,15.5525,32,,
STR1,8/5/2024,15.5528,33,,
STR1,8/5/2024,15.5531,33,,
STR1,8/5/2024,15.5533,32,,
STR1,8/5/2024,15.5536,32,,
STR1,8/5/2024,15.5539,31,,
STR1,8/5/2024,15.5542,30,,
STR1,8/5/2024,15.5544,29,,
STR1,8/5/2024,15.5547,28,,
STR1,8/5/2024,15.5550,28,,
STR1,8/5/2024,15.5553,28,,
STR1,8/5/2024,15.5556,28,,
STR1,8/5/2024,15.5558,27,,
STR1,8/5/2024,15.5561,27,,
STR1,8/5/2024,15.5564,27,,
STR1,8/5/2024,15.5567,28,,
STR1,8/5/2024,15.5569,28,,
STR1,8/5/2024,15.5572,28,,
STR1,8/5/2024,15.5575,27,,
STR1,8/5/2024,15.5578,26,,
STR1,8/5/2024,15.5581,26,,
STR1,8/5/2024,15.5583,26,,
STR1,8/5/2024,15.5586,26,,
STR1,8/5/2024,15.5589,25,,
STR1,8/5/2024,15.5592,25,,
STR1,8/5/2024,15.5594,25,,
STR1,8/5/2024,15.5597,24,,
STR1,8/5/2024,15.5600,23,,
STR1,8/5/2024,15.5603,22,,
STR1,8/5/2024,15.5606,22,,
STR1,8/5/2024,15.5608,21,,
STR1,8/5/2024,15.5611,21,,
STR1,8/5/2024,15.5614,21,,
STR1,8/5/2024,15.5617,20,,
STR1,8/5/2024,15.5619,20,,
STR1,8/5/2024,15.5622,19,,
STR1,8/5/2024,15.5625,19,,
STR1,8/5/2024,15.5628,18,,
STR1,8/5/2024,15.5631,18,,
STR1,8/5/2024,15.5633,18,,
STR1,8/5/2024,15.5636,18,,
STR1,8/5/2024,15.5639,18,,
STR1,8/5/2024,15.5642,17,,
STR1,8/5/2024,15.5644,16,,
STR1,8/5/2024,15.5647,16,,
STR1,8/5/2024,15.5650,16,,
STR1,8/5/2024,15.5653,17,,
STR1,8/5/2024,15.5656,17,,
STR1,8/5/2024,15.5658,17,,
STR1,8/5/2024,15.5661,17,,
STR1,8/5/2024,15.5664,17,,
STR1,8/5/2024,15.5667,18,,
STR1,8/5/2024,15.5669,18,,
STR1,8/5/2024,15.5672,18,,
STR1,8/5/2024,15.5675,17,,
STR1,8/5/2024,15.5678,17,,
STR1,8/5/2024,15.5681,17,,
STR1,8/5/2024,15.5683,17,,
STR1,8/5/2024,15.5686,17,,
STR1,8/5/2024,15.5689,17,,
STR1,8/5/2024,15.5692,17,,
STR1,8/5/2024,15.5694,16,,
STR1,8/5/2024,15.5697,16,,
STR1,8/5/2024,15.5700,17,,
STR1,8/5/2024,15.5703,17,,
STR1,8/5/2024,15.5706,16,,
STR1,8/5/2024,15.5708,16,,
STR1,8/5/2024,15.5711,16,,
STR1,8/5/2024,15.5714,16,,
STR1,8/5/2024,15.5717,16,,
STR1,8/5/2024,15.5719,15,,
STR1,8/5/2024,15.5722,15,,
STR1,8/5/2024,15.5725,15,,
STR1,8/5/2024,15.5728,15,,
STR1,8/5/2024,15.5731,15,,
STR1,8/5/2024,15.5733,15,,
STR1,8/5/2024,15.5736,15,,
STR1,8/5/2024,15.5739,14,,
STR1,8/5/2024,15.5742,14,,
STR1,8/5/2024,15.5744,14,,
STR1,8/5/2024,15.5747,13,,
STR1,8/5/2024,15.5750,13,,
STR1,8/5/2024,15.5753,12,,
STR1,8/5/2024,15.5756,12,,
STR1,8/5/2024,15.5758,12,,
STR1,8/5/2024,15.5761,12,,
STR1,8/5/2024,15.5764,11,,
STR1,8/5/2024,15.5767,11,,
STR1,8/5/2024,15.5769,11,,
STR1,8/5/2024,15.5772,11,,
STR1,8/5/2024,15.5775,11,,
STR1,8/5/2024,15.5778,10,,
STR1,8/5/2024,15.5781,10,,
STR1,8/5/2024,15.5783,11,,
STR1,8/5/2024,15.5786,11,,
STR1,8/5/2024,15.5789,12,,
STR1,8/5/2024,15.5792,12,,
STR1,8/5/2024,15.5794,12,,
STR1,8/5/2024,15.5797,12,,
STR1,8/5/2024,15.5800,11,,
STR1,8/5/2024,15.5803,10,,
STR1,8/5/2024,15.5806,10,,
STR1,8/5/2024,15.5808,10,,
STR1,8/5/2024,15.5811,9,,
STR1,8/5/2024,15.5814,9,,
STR1,8/5/2024,15.5817,9,,
STR1,8/5/2024,15.5819,9,,
STR1,8/5/2024,15.5822,9,,
STR1,8/5/2024,15.5825,8,,
STR1,8/5/2024,15.5828,8,,
STR1,8/5/2024,15.5831,8,,
STR1,8/5/2024,15.5833,8,,
STR1,8/5/2024,15.5836,8,,
STR1,8/5/2024,15.5839,8,,
STR1,8/5/2024,15.5842,8,,
STR1,8/5/2024,15.5844,8,,
STR1,8/5/2024,15.5847,8,,
STR1,8/5/2024,15.5850,8,,
STR1,8/5/2024,15.5853,8,,
STR1,8/5/2024,15.5856,8,,
STR1,8/5/2024,15.5858,8,,
STR1,8/5/2024,15.5861,8,,
STR1,8/5/2024,15.5864,8,,
STR1,8/5/2024,15.5867,8,,
STR1,8/5/2024,15.5869,8,,
STR1,8/5/2024,15.5872,8,,
STR1,8/5/2024,15.5875,8,,
STR1,8/5/2024,15.5878,8,,
STR1,8/5/2024,15.5881,7,,
STR1,8/5/2024,15.5883,7,,
STR1,8/5/2024,15.5886,7,,
STR1,8/5/2024,15.5889,7,,
STR1,8/5/2024,15.5892,7,,
STR1,8/5/2024,15.5894,7,,
STR1,8/5/2024,15.5897,7,,
STR1,8/5/2024,15.5900,7,,
STR1,8/5/2024,15.5903,8,,
STR1,8/5/2024,15.5906,7,,
STR1,8/5/2024,15.5908,7,,
STR1,8/5/2024,15.5911,7,,
STR1,8/5/2024,15.5914,7,,
STR1,8/5/2024,15.5917,7,,
STR1,8/5/2024,15.5919,7,,
STR1,8/5/2024,15.5922,7,,
STR1,8/5/2024,15.5925,6,,
STR1,8/5/2024,15.5928,6,,
STR1,8/5/2024,15.5931,6,,
STR1,8/5/2024,15.5933,6,,
STR1,8/5/2024,15.5936,6,,
STR1,8/5/2024,15.5939,6,,
STR1,8/5/2024,15.5942,6,,
STR1,8/5/2024,15.5944,6,,
STR1,8/5/2024,15.5947,5,,
STR1,8/5/2024,15.5950,5,,
STR1,8/5/2024,15.5953,5,,
STR1,8/5/2024,15.5956,5,,
STR1,8/5/2024,15.5958,5,,
STR1,8/5/2024,15.5961,6,,
STR1,8/5/2024,15.5964,6,,
STR1,8/5/2024,15.5967,5,,
STR1,8/5/2024,15.5969,5,,
STR1,8/5/2024,15.5972,5,,
STR1,8/5/2024,15.5975,5,,
STR1,8/5/2024,15.5978,5,,
STR1,8/5/2024,15.5981,5,,
STR1,8/5/2024,15.5983,5,,
STR1,8/5/2024,15.5986,5,,
STR1,8/5/2024,15.5989,5,,
STR1,8/5/2024,15.5992,5,,
STR1,8/5/2024,15.5994,5,,
STR1,8/5/2024,15.5997,5,,
STR1,8/5/2024,15.6000,5,,
STR1,8/5/2024,15.6003,5,,
STR1,8/5/2024,15.6006,5,,
STR1,8/5/2024,15.6008,5,,
STR1,8/5/2024,15.6011,5,,
STR1,8/5/2024,15.6014,5,,
STR1,8/5/2024,15.6017,5,,
STR1,8/5/2024,15.6019,5,,
STR1,8/5/2024,15.6022,5,,
STR1,8/5/2024,15.6025,5,,
STR1,8/5/2024,15.6028,5,,
STR1,8/5/2024,15.6031,4,,
STR1,8/5/2024,15.6033,4,,
STR1,8/5/2024,15.6036,4,,
STR1,8/5/2024,15.6039,4,,
STR1,8/5/2024,15.6042,4,,
STR1,8/5/2024,15.6044,4,,
STR1,8/5/2024,15.6047,4,,
STR1,8/5/2024,15.6050,4,,
STR1,8/5/2024,15.6053,4,,
STR1,8/5/2024,15.6056,4,,
STR1,8/5/2024,15.6058,4,,
STR1,8/5/2024,15.6061,4,,
STR1,8/5/2024,15.6064,4,,
STR1,8/5/2024,15.6067,4,,
STR1,8/5/2024,15.6069,4,,
STR1,8/5/2024,15.6072,4,,
STR1,8/5/2024,15.6075,4,,
STR1,8/5/2024,15.6078,4,,
STR1,8/5/2024,15.6081,4,,
STR1,8/5/2024,15.6083,4,,
STR1,8/5/2024,15.6086,3,,
STR1,8/5/2024,15.6089,3,,
STR1,8/5/2024,15.6092,3,,
STR1,8/5/2024,15.6094,3,,
STR1,8/5/2024,15.6097,3,,
STR1,8/5/2024,15.6100,3,,
STR1,8/5/2024,15.6103,3,,
STR1,8/5/2024,15.6106,3,,
STR1,8/5/2024,15.6108,3,,
STR1,8/5/2024,15.6111,3,,
STR1,8/5/2024,15.6114,3,,
STR1,8/5/2024,15.6117,3,,
STR1,8/5/2024,15.6119,3,,
STR1,8/5/2024,15.6122,3,,
STR1,8/5/2024,15.6125,3,,
STR1,8/5/2024,15.6128,3,,
STR1,8/5/2024,15.6131,3,,
STR1,8/5/2024,15.6133,3,,
STR1,8/5/2024,15.6136,3,,
STR1,8/5/2024,15.6139,3,,
STR1,8/5/2024,15.6142,3,,
STR1,8/5/2024,15.6144,3,,
STR1,8/5/2024,15.6147,3,,
STR1,8/5/2024,15.6150,3,,
STR1,8/5/2024,15.6153,3,,
STR1,8/5/2024,15.6156,3,,
STR1,8/5/2024,15.6158,3,,
STR1,8/5/2024,15.6161,3,,
STR1,8/5/2024,15.6164,3,,
STR1,8/5/2024,15.6167,3,,
STR1,8/5/2024,15.6169,3,,
STR1,8/5/2024,15.6172,3,,
STR1,8/5/2024,15.6175,3,,
STR1,8/5/2024,15.6178,3,,
STR1,8/5/2024,15.6181,3,,
STR1,8/5/2024,15.6183,3,,
STR1,8/5/2024,15.6186,3,,
STR1,8/5/2024,15.6189,3,,
STR1,8/5/2024,15.6192,3,,
STR1,8/5/2024,15.6194,3,,
STR1,8/5/2024,15.6197,3,,
STR1,8/5/2024,15.6200,3,,
STR1,8/5/2024,15.6203,3,,
STR1,8/5/2024,15.6206,3,,
STR1,8/5/2024,15.6208,3,,
STR1,8/5/2024,15.6211,3,,
STR1,8/5/2024,15.6214,3,,
STR1,8/5/2024,15.6217,3,,
STR1,8/5/2024,15.6219,3,,
STR1,8/5/2024,15.6222,2,,
STR1,8/5/2024,15.6225,2,,
STR1,8/5/2024,15.6228,2,,
STR1,8/5/2024,15.6231,2,,
STR1,8/5/2024,15.6233,2,,
STR1,8/5/2024,15.6236,2,,
STR1,8/5/2024,15.6239,2,,
STR1,8/5/2024,15.6242,2,,
STR1,8/5/2024,15.6244,2,,
STR1,8/5/2024,15.6247,2,,
STR1,8/5/2024,15.6250,2,,
STR1,8/5/2024,15.6253,2,,
STR1,8/5/2024,15.6256,2,,
STR1,8/5/2024,15.6258,2,,
STR1,8/5/2024,15.6261,2,,
STR1,8/5/2024,15.6264,2,,
STR1,8/5/2024,15.6267,2,,
STR1,8/5/2024,15.6269,2,,
STR1,8/5/2024,15.6272,2,,
STR1,8/5/2024,15.6275,2,,
STR1,8/5/2024,15.6278,2,,
STR1,8/5/2024,15.6281,2,,
STR1,8/5/2024,15.6283,2,,
STR1,8/5/2024,15.6286,2,,
STR1,8/5/2024,15.6289,2,,
STR1,8/5/2024,15.6292,2,,
STR1,8/5/2024,15.6294,2,,
STR1,8/5/2024,15.6297,2,,
STR1,8/5/2024,15.6300,2,,
STR1,8/5/2024,15.6303,2,,
STR1,8/5/2024,15.6306,2,,
STR1,8/5/2024,15.6308,2,,
STR1,8/5/2024,15.6311,2,,
STR1,8/5/2024,15.6314,2,,
STR1,8/5/2024,15.6317,2,,
STR1,8/5/2024,15.6319,2,,
STR1,8/5/2024,15.6322,2,,
STR1,8/5/2024,15.6325,2,,
STR1,8/5/2024,15.6328,2,,
STR1,8/5/2024,15.6331,2,,
STR1,8/5/2024,15.6333,2,,
STR1,8/5/2024,15.6336,2,,
STR1,8/5/2024,15.6339,2,,
STR1,8/5/2024,15.6342,2,,
STR1,8/5/2024,15.6344,2,,
STR1,8/5/2024,15.6347,2,,
STR1,8/5/2024,15.6350,2,,
STR1,8/5/2024,15.6353,2,,
STR1,8/5/2024,15.6356,2,,
STR1,8/5/2024,15.6358,2,,
STR1,8/5/2024,15.6361,2,,
STR1,8/5/2024,15.6364,2,,
STR1,8/5/2024,15.6367,2,,
STR1,8/5/2024,15.6369,2,,
STR1,8/5/2024,15.6372,2,,
STR1,8/5/2024,15.6375,2,,
STR1,8/5/2024,15.6378,2,,
STR1,8/5/2024,15.6381,2,,
STR1,8/5/2024,15.6383,2,,
STR1,8/5/2024,15.6386,2,,
STR1,8/5/2024,15.6389,2,,
STR1,8/5/2024,15.6392,2,,
STR1,8/5/2024,15.6394,2,,
STR1,8/5/2024,15.6397,2,,
STR1,8/5/2024,15.6400,2,,
STR1,8/5/2024,15.6403,2,,
STR1,8/5/2024,15.6406,2,,
STR1,8/5/2024,15.6408,2,,
STR1,8/5/2024,15.6411,2,,
STR1,8/5/2024,15.6414,2,,
STR1,8/5/2024,15.6417,2,,
STR1,8/5/2024,15.6419,2,,
STR1,8/5/2024,15.6422,2,,
STR1,8/5/2024,15.6425,2,,
STR1,8/5/2024,15.6428,2,,
STR1,8/5/2024,15.6431,2,,
STR1,8/5/2024,15.6433,1,,
STR1,8/5/2024,15.6436,1,,
STR1,8/5/2024,15.6439,1,,
STR1,8/5/2024,15.6442,1,,
STR1,8/5/2024,15.6444,1,,
STR1,8/5/2024,15.6447,1,,
STR1,8/5/2024,15.6450,1,,
STR1,8/5/2024,15.6453,1,,
STR1,8/5/2024,15.6456,1,,
STR1,8/5/2024,15.6458,1,,
STR1,8/5/2024,15.6461,1,,
STR1,8/5/2024,15.6464,1,,
STR1,8/5/2024,15.6467,1,,
STR1,8/5/2024,15.6469,1,,
STR1,8/5/2024,15.6472,1,,
STR1,8/5/2024,15.6475,1,,
STR1,8/5/2024,15.6478,1,,
STR1,8/5/2024,15.6481,1,,
STR1,8/5/2024,15.6483,1,,
STR1,8/5/2024,15.6486,1,,
STR1,8/5/2024,15.6489,1,,
STR1,8/5/2024,15.6492,1,,
STR1,8/5/2024,15.6494,1,,
STR1,8/5/2024,15.6497,1,,
STR1,8/5/2024,15.6500,1,,
STR1,8/5/2024,15.6503,1,,
STR1,8/5/2024,15.6506,1,,
STR1,8/5/2024,15.6508,1,,
STR1,8/5/2024,15.6511,1,,
STR1,8/5/2024,15.6514,1,,
STR1,8/5/2024,15.6517,1,,
STR1,8/5/2024,15.6519,1,,
STR1,8/5/2024,15.6522,1,,
STR1,8/5/2024,15.6525,1,,
STR1,8/5/2024,15.6528,1,,
STR1,8/5/2024,15.6531,1,,
STR1,8/5/2024,15.6533,1,,
STR1,8/5/2024,15.6536,1,,
STR1,8/5/2024,15.6539,1,,
STR1,8/5/2024,15.6542,1,,
STR1,8/5/2024,15.6544,1,,
STR1,8/5/2024,15.6547,1,,
STR1,8/5/2024,15.6550,1,,
STR1,8/5/2024,15.6553,1,,
STR1,8/5/2024,15.6556,1,,
STR1,8/5/2024,15.6558,1,,
STR1,8/5/2024,15.6561,1,,
STR1,8/5/2024,15.6564,1,,
STR1,8/5/2024,15.6567,1,,
STR1,8/5/2024,15.6569,1,,
STR1,8/5/2024,15.6572,1,,
STR1,8/5/2024,15.6575,1,,
STR1,8/5/2024,15.6578,1,,
STR1,8/5/2024,15.6581,1,,
STR1,8/5/2024,15.6583,1,,
STR1,8/5/2024,15.6586,1,,
STR1,8/5/2024,15.6589,1,,
STR1,8/5/2024,15.6592,1,,
STR1,8/5/2024,15.6594,1,,
STR1,8/5/2024,15.6597,1,,
STR3,8/5/2024,14.2833,0,,
STR3,8/5/2024,14.2836,0,,
STR3,8/5/2024,14.2839,0,,
STR3,8/5/2024,14.2842,0,,
STR3,8/5/2024,14.2844,0,,
STR3,8/5/2024,14.2847,0,,
STR3,8/5/2024,14.2850,0,,
STR3,8/5/2024,14.2853,0,,
STR3,8/5/2024,14.2856,0,,
STR3,8/5/2024,14.2858,0,,
STR3,8/5/2024,14.2861,0,,
STR3,8/5/2024,14.2864,0,,
STR3,8/5/2024,14.2867,0,,
STR3,8/5/2024,14.2869,0,,
STR3,8/5/2024,14.2872,0,,
STR3,8/5/2024,14.2875,0,,
STR3,8/5/2024,14.2878,0,,
STR3,8/5/2024,14.2881,0,,
STR3,8/5/2024,14.2883,0,,
STR3,8/5/2024,14.2886,0,,
STR3,8/5/2024,14.2889,0,,
STR3,8/5/2024,14.2892,1,,
STR3,8/5/2024,14.2894,1,,
STR3,8/5/2024,14.2897,1,,
STR3,8/5/2024,14.2900,2,,
STR3,8/5/2024,14.2903,2,,
STR3,8/5/2024,14.2906,3,,
STR3,8/5/2024,14.2908,4,,
STR3,8/5/2024,14.2911,7,,
STR3,8/5/2024,14.2914,10,,
STR3,8/5/2024,14.2917,13,,
STR3,8/5/2024,14.2919,16,,
STR3,8/5/2024,14.2922,20,,
STR3,8/5/2024,14.2925,22,,
STR3,8/5/2024,14.2928,25,,
STR3,8/5/2024,14.2931,30,,
STR3,8/5/2024,14.2933,35,,
STR3,8/5/2024,14.2936,39,,
STR3,8/5/2024,14.2939,47,,
STR3,8/5/2024,14.2942,56,,
STR3,8/5/2024,14.2944,66,,
STR3,8/5/2024,14.2947,76,,
STR3,8/5/2024,14.2950,91,,
STR3,8/5/2024,14.2953,101,,
STR3,8/5/2024,14.2956,113,,
STR3,8/5/2024,14.2958,122,,
STR3,8/5/2024,14.2961,138,,
STR3,8/5/2024,14.2964,158,,
STR3,8/5/2024,14.2967,183,,
STR3,8/5/2024,14.2969,200,,
STR3,8/5/2024,14.2972,222,,
STR3,8/5/2024,14.2975,247,,
STR3,8/5/2024,14.2978,274,,
STR3,8/5/2024,14.2981,294,,
STR3,8/5/2024,14.2983,307,,
STR3,8/5/2024,14.2986,325,,
STR3,8/5/2024,14.2989,342,,
STR3,8/5/2024,14.2992,362,,
STR3,8/5/2024,14.2994,385,,
STR3,8/5/2024,14.2997,406,,
STR3,8/5/2024,14.3000,425,,
STR3,8/5/2024,14.3003,445,,
STR3,8/5/2024,14.3006,470,,
STR3,8/5/2024,14.3008,487,,
STR3,8/5/2024,14.3011,507,,
STR3,8/5/2024,14.3014,524,,
STR3,8/5/2024,14.3017,537,,
STR3,8/5/2024,14.3019,549,,
STR3,8/5/2024,14.3022,560,,
STR3,8/5/2024,14.3025,575,,
STR3,8/5/2024,14.3028,588,,
STR3,8/5/2024,14.3031,602,,
STR3,8/5/2024,14.3033,616,,
STR3,8/5/2024,14.3036,628,,
STR3,8/5/2024,14.3039,639,,
STR3,8/5/2024,14.3042,650,,
STR3,8/5/2024,14.3044,661,,
STR3,8/5/2024,14.3047,667,,
STR3,8/5/2024,14.3050,674,,
STR3,8/5/2024,14.3053,680,,
STR3,8/5/2024,14.3056,683,,
STR3,8/5/2024,14.3058,686,,
STR3,8/5/2024,14.3061,686,,
STR3,8/5/2024,14.3064,700,,
STR3,8/5/2024,14.3067,698,,
STR3,8/5/2024,14.3069,695,,
STR3,8/5/2024,14.3072,692,,
STR3,8/5/2024,14.3075,690,,
STR3,8/5/2024,14.3078,688,,
STR3,8/5/2024,14.3081,687,,
STR3,8/5/2024,14.3083,683,,
STR3,8/5/2024,14.3086,680,,
STR3,8/5/2024,14.3089,678,,
STR3,8/5/2024,14.3092,674,,
STR3,8/5/2024,14.3094,670,,
STR3,8/5/2024,14.3097,666,,
STR3,8/5/2024,14.3100,663,,
STR3,8/5/2024,14.3103,658,,
STR3,8/5/2024,14.3106,654,,
STR3,8/5/2024,14.3108,649,,
STR3,8/5/2024,14.3111,645,,
STR3,8/5/2024,14.3114,640,,
STR3,8/5/2024,14.3117,635,,
STR3,8/5/2024,14.3119,629,,
STR3,8/5/2024,14.3122,605,,
STR3,8/5/2024,14.3125,601,,
STR3,8/5/2024,14.3128,593,,
STR3,8/5/2024,14.3131,585,,
STR3,8/5/2024,14.3133,576,,
STR3,8/5/2024,14.3136,567,,
STR3,8/5/2024,14.3139,561,,
STR3,8/5/2024,14.3142,553,,
STR3,8/5/2024,14.3144,543,,
STR3,8/5/2024,14.3147,529,,
STR3,8/5/2024,14.3150,517,,
STR3,8/5/2024,14.3153,512,,
STR3,8/5/2024,14.3156,508,,
STR3,8/5/2024,14.3158,503,,
STR3,8/5/2024,14.3161,493,,
STR3,8/5/2024,14.3164,479,,
STR3,8/5/2024,14.3167,466,,
STR3,8/5/2024,14.3169,458,,
STR3,8/5/2024,14.3172,451,,
STR3,8/5/2024,14.3175,446,,
STR3,8/5/2024,14.3178,441,,
STR3,8/5/2024,14.3181,432,,
STR3,8/5/2024,14.3183,425,,
STR3,8/5/2024,14.3186,419,,
STR3,8/5/2024,14.3189,415,,
STR3,8/5/2024,14.3192,409,,
STR3,8/5/2024,14.3194,402,,
STR3,8/5/2024,14.3197,394,,
STR3,8/5/2024,14.3200,383,,
STR3,8/5/2024,14.3203,378,,
STR3,8/5/2024,14.3206,372,,
STR3,8/5/2024,14.3208,367,,
STR3,8/5/2024,14.3211,362,,
STR3,8/5/2024,14.3214,356,,
STR3,8/5/2024,14.3217,342,,
STR3,8/5/2024,14.3219,333,,
STR3,8/5/2024,14.3222,326,,
STR3,8/5/2024,14.3225,320,,
STR3,8/5/2024,14.3228,315,,
STR3,8/5/2024,14.3231,310,,
STR3,8/5/2024,14.3233,304,,
STR3,8/5/2024,14.3236,295,,
STR3,8/5/2024,14.3239,288,,
STR3,8/5/2024,14.3242,281,,
STR3,8/5/2024,14.3244,275,,
STR3,8/5/2024,14.3247,269,,
STR3,8/5/2024,14.3250,263,,
STR3,8/5/2024,14.3253,258,,
STR3,8/5/2024,14.3256,253,,
STR3,8/5/2024,14.3258,250,,
STR3,8/5/2024,14.3261,245,,
STR3,8/5/2024,14.3264,240,,
STR3,8/5/2024,14.3267,234,,
STR3,8/5/2024,14.3269,229,,
STR3,8/5/2024,14.3272,222,,
STR3,8/5/2024,14.3275,216,,
STR3,8/5/2024,14.3278,214,,
STR3,8/5/2024,14.3281,211,,
STR3,8/5/2024,14.3283,207,,
STR3,8/5/2024,14.3286,202,,
STR3,8/5/2024,14.3289,197,,
STR3,8/5/2024,14.3292,192,,
STR3,8/5/2024,14.3294,186,,
STR3,8/5/2024,14.3297,183,,
STR3,8/5/2024,14.3300,181,,
STR3,8/5/2024,14.3303,179,,
STR3,8/5/2024,14.3306,178,,
STR3,8/5/2024,14.3308,176,,
STR3,8/5/2024,14.3311,175,,
STR3,8/5/2024,14.3314,170,,
STR3,8/5/2024,14.3317,166,,
STR3,8/5/2024,14.3319,163,,
STR3,8/5/2024,14.3322,162,,
STR3,8/5/2024,14.3325,160,,
STR3,8/5/2024,14.3328,157,,
STR3,8/5/2024,14.3331,154,,
STR3,8/5/2024,14.3333,146,,
STR3,8/5/2024,14.3336,140,,
STR3,8/5/2024,14.3339,135,,
STR3,8/5/2024,14.3342,132,,
STR3,8/5/2024,14.3344,129,,
STR3,8/5/2024,14.3347,126,,
STR3,8/5/2024,14.3350,124,,
STR3,8/5/2024,14.3353,121,,
STR3,8/5/2024,14.3356,119,,
STR3,8/5/2024,14.3358,117,,
STR3,8/5/2024,14.3361,114,,
STR3,8/5/2024,14.3364,112,,
STR3,8/5/2024,14.3367,110,,
STR3,8/5/2024,14.3369,108,,
STR3,8/5/2024,14.3372,105,,
STR3,8/5/2024,14.3375,104,,
STR3,8/5/2024,14.3378,102,,
STR3,8/5/2024,14.3381,101,,
STR3,8/5/2024,14.3383,99,,
STR3,8/5/2024,14.3386,97,,
STR3,8/5/2024,14.3389,95,,
STR3,8/5/2024,14.3392,93,,
STR3,8/5/2024,14.3394,91,,
STR3,8/5/2024,14.3397,89,,
STR3,8/5/2024,14.3400,87,,
STR3,8/5/2024,14.3403,84,,
STR3,8/5/2024,14.3406,81,,
STR3,8/5/2024,14.3408,79,,
STR3,8/5/2024,14.3411,78,,
STR3,8/5/2024,14.3414,77,,
STR3,8/5/2024,14.3417,76,,
STR3,8/5/2024,14.3419,75,,
STR3,8/5/2024,14.3422,75,,
STR3,8/5/2024,14.3425,73,,
STR3,8/5/2024,14.3428,72,,
STR3,8/5/2024,14.3431,69,,
STR3,8/5/2024,14.3433,68,,
STR3,8/5/2024,14.3436,67,,
STR3,8/5/2024,14.3439,66,,
STR3,8/5/2024,14.3442,66,,
STR3,8/5/2024,14.3444,65,,
STR3,8/5/2024,14.3447,63,,
STR3,8/5/2024,14.3450,61,,
STR3,8/5/2024,14.3453,60,,
STR3,8/5/2024,14.3456,58,,
STR3,8/5/2024,14.3458,58,,
STR3,8/5/2024,14.3461,57,,
STR3,8/5/2024,14.3464,57,,
STR3,8/5/2024,14.3467,56,,
STR3,8/5/2024,14.3469,55,,
STR3,8/5/2024,14.3472,54,,
STR3,8/5/2024,14.3475,53,,
STR3,8/5/2024,14.3478,52,,
STR3,8/5/2024,14.3481,51,,
STR3,8/5/2024,14.3483,51,,
STR3,8/5/2024,14.3486,50,,
STR3,8/5/2024,14.3489,49,,
STR3,8/5/2024,14.3492,49,,
STR3,8/5/2024,14.3494,48,,
STR3,8/5/2024,14.3497,48,,
STR3,8/5/2024,14.3500,47,,
STR3,8/5/2024,14.3503,46,,
STR3,8/5/2024,14.3506,45,,
STR3,8/5/2024,14.3508,44,,
STR3,8/5/2024,14.3511,43,,
STR3,8/5/2024,14.3514,42,,
STR3,8/5/2024,14.3517,41,,
STR3,8/5/2024,14.3519,40,,
STR3,8/5/2024,14.3522,40,,
STR3,8/5/2024,14.3525,39,,
STR3,8/5/2024,14.3528,38,,
STR3,8/5/2024,14.3531,38,,
STR3,8/5/2024,14.3533,37,,
STR3,8/5/2024,14.3536,36,,
STR3,8/5/2024,14.3539,36,,
STR3,8/5/2024,14.3542,35,,
STR3,8/5/2024,14.3544,34,,
STR3,8/5/2024,14.3547,34,,
STR3,8/5/2024,14.3550,33,,
STR3,8/5/2024,14.3553,33,,
STR3,8/5/2024,14.3556,32,,
STR3,8/5/2024,14.3558,31,,
STR3,8/5/2024,14.3561,31,,
STR3,8/5/2024,14.3564,30,,
STR3,8/5/2024,14.3567,29,,
STR3,8/5/2024,14.3569,29,,
STR3,8/5/2024,14.3572,28,,
STR3,8/5/2024,14.3575,28,,
STR3,8/5/2024,14.3578,28,,
STR3,8/5/2024,14.3581,27,,
STR3,8/5/2024,14.3583,26,,
STR3,8/5/2024,14.3586,26,,
STR3,8/5/2024,14.3589,26,,
STR3,8/5/2024,14.3592,25,,
STR3,8/5/2024,14.3594,25,,
STR3,8/5/2024,14.3597,24,,
STR3,8/5/2024,14.3600,24,,
STR3,8/5/2024,14.3603,23,,
STR3,8/5/2024,14.3606,23,,
STR3,8/5/2024,14.3608,23,,
STR3,8/5/2024,14.3611,22,,
STR3,8/5/2024,14.3614,22,,
STR3,8/5/2024,14.3617,22,,
STR3,8/5/2024,14.3619,22,,
STR3,8/5/2024,14.3622,21,,
STR3,8/5/2024,14.3625,21,,
STR3,8/5/2024,14.3628,20,,
STR3,8/5/2024,14.3631,20,,
STR3,8/5/2024,14.3633,20,,
STR3,8/5/2024,14.3636,19,,
STR3,8/5/2024,14.3639,19,,
STR3,8/5/2024,14.3642,18,,
STR3,8/5/2024,14.3644,18,,
STR3,8/5/2024,14.3647,18,,
STR3,8/5/2024,14.3650,18,,
STR3,8/5/2024,14.3653,18,,
STR3,8/5/2024,14.3656,17,,
STR3,8/5/2024,14.3658,17,,
STR3,8/5/2024,14.3661,17,,
STR3,8/5/2024,14.3664,17,,
STR3,8/5/2024,14.3667,16,,
STR3,8/5/2024,14.3669,16,,
STR3,8/5/2024,14.3672,16,,
STR3,8/5/2024,14.3675,16,,
STR3,8/5/2024,14.3678,15,,
STR3,8/5/2024,14.3681,15,,
STR3,8/5/2024,14.3683,15,,
STR3,8/5/2024,14.3686,15,,
STR3,8/5/2024,14.3689,14,,
STR3,8/5/2024,14.3692,14,,
STR3,8/5/2024,14.3694,14,,
STR3,8/5/2024,14.3697,14,,
STR3,8/5/2024,14.3700,13,,
STR3,8/5/2024,14.3703,13,,
STR3,8/5/2024,14.3706,13,,
STR3,8/5/2024,14.3708,13,,
STR3,8/5/2024,14.3711,13,,
STR3,8/5/2024,14.3714,12,,
STR3,8/5/2024,14.3717,12,,
STR3,8/5/2024,14.3719,12,,
STR3,8/5/2024,14.3722,12,,
STR3,8/5/2024,14.3725,12,,
STR3,8/5/2024,14.3728,12,,
STR3,8/5/2024,14.3731,12,,
STR3,8/5/2024,14.3733,12,,
STR3,8/5/2024,14.3736,11,,
STR3,8/5/2024,14.3739,11,,
STR3,8/5/2024,14.3742,11,,
STR3,8/5/2024,14.3744,11,,
STR3,8/5/2024,14.3747,11,,
STR3,8/5/2024,14.3750,11,,
STR3,8/5/2024,14.3753,10,,
STR3,8/5/2024,14.3756,10,,
STR3,8/5/2024,14.3758,10,,
STR3,8/5/2024,14.3761,10,,
STR3,8/5/2024,14.3764,10,,
STR3,8/5/2024,14.3767,10,,
STR3,8/5/2024,14.3769,9,,
STR3,8/5/2024,14.3772,9,,
STR3,8/5/2024,14.3775,9,,
STR3,8/5/2024,14.3778,9,,
STR3,8/5/2024,14.3781,9,,
STR3,8/5/2024,14.3783,9,,
STR3,8/5/2024,14.3786,9,,
STR3,8/5/2024,14.3789,9,,
STR3,8/5/2024,14.3792,8,,
STR3,8/5/2024,14.3794,8,,
STR3,8/5/2024,14.3797,8,,
STR3,8/5/2024,14.3800,8,,
STR3,8/5/2024,14.3803,8,,
STR3,8/5/2024,14.3806,8,,
STR3,8/5/2024,14.3808,8,,
STR3,8/5/2024,14.3811,8,,
STR3,8/5/2024,14.3814,8,,
STR3,8/5/2024,14.3817,8,,
STR3,8/5/2024,14.3819,7,,
STR3,8/5/2024,14.3822,7,,
STR3,8/5/2024,14.3825,7,,
STR3,8/5/2024,14.3828,7,,
STR3,8/5/2024,14.3831,7,,
STR3,8/5/2024,14.3833,7,,
STR3,8/5/2024,14.3836,7,,
STR3,8/5/2024,14.3839,7,,
STR3,8/5/2024,14.3842,7,,
STR3,8/5/2024,14.3844,7,,
STR3,8/5/2024,14.3847,7,,
STR3,8/5/2024,14.3850,6,,
STR3,8/5/2024,14.3853,6,,
STR3,8/5/2024,14.3856,6,,
STR3,8/5/2024,14.3858,6,,
STR3,8/5/2024,14.3861,6,,
STR3,8/5/2024,14.3864,6,,
STR3,8/5/2024,14.3867,6,,
STR3,8/5/2024,14.3869,6,,
STR3,8/5/2024,14.3872,6,,
STR3,8/5/2024,14.3875,6,,
STR3,8/5/2024,14.3878,6,,
STR3,8/5/2024,14.3881,6,,
STR3,8/5/2024,14.3883,6,,
STR3,8/5/2024,14.3886,6,,
STR3,8/5/2024,14.3889,6,,
STR3,8/5/2024,14.3892,5,,
STR3,8/5/2024,14.3894,6,,
STR3,8/5/2024,14.3897,5,,
STR3,8/5/2024,14.3900,5,,
STR3,8/5/2024,14.3903,5,,
STR3,8/5/2024,14.3906,5,,
STR3,8/5/2024,14.3908,5,,
STR3,8/5/2024,14.3911,5,,
STR3,8/5/2024,14.3914,5,,
STR3,8/5/2024,14.3917,5,,
STR3,8/5/2024,14.3919,5,,
STR3,8/5/2024,14.3922,5,,
STR3,8/5/2024,14.3925,5,,
STR3,8/5/2024,14.3928,5,,
STR3,8/5/2024,14.3931,5,,
STR3,8/5/2024,14.3933,5,,
STR3,8/5/2024,14.3936,5,,
STR3,8/5/2024,14.3939,5,,
STR3,8/5/2024,14.3942,4,,
STR3,8/5/2024,14.3944,4,,
STR3,8/5/2024,14.3947,4,,
STR3,8/5/2024,14.3950,4,,
STR3,8/5/2024,14.3953,4,,
STR3,8/5/2024,14.3956,4,,
STR3,8/5/2024,14.3958,4,,
STR3,8/5/2024,14.3961,4,,
STR3,8/5/2024,14.3964,4,,
STR3,8/5/2024,14.3967,4,,
STR3,8/5/2024,14.3969,4,,
STR3,8/5/2024,14.3972,4,,
STR3,8/5/2024,14.3975,4,,
STR3,8/5/2024,14.3978,4,,
STR3,8/5/2024,14.3981,4,,
STR3,8/5/2024,14.3983,4,,
STR3,8/5/2024,14.3986,4,,
STR3,8/5/2024,14.3989,4,,
STR3,8/5/2024,14.3992,4,,
STR3,8/5/2024,14.3994,4,,
STR3,8/5/2024,14.3997,4,,
STR3,8/5/2024,14.4000,4,,
STR3,8/5/2024,14.4003,4,,
STR3,8/5/2024,14.4006,4,,
STR3,8/5/2024,14.4008,3,,
STR3,8/5/2024,14.4011,3,,
STR3,8/5/2024,14.4014,3,,
STR3,8/5/2024,14.4017,4,,
STR3,8/5/2024,14.4019,3,,
STR3,8/5/2024,14.4022,3,,
STR3,8/5/2024,14.4025,3,,
STR3,8/5/2024,14.4028,3,,
STR3,8/5/2024,14.4031,3,,
STR3,8/5/2024,14.4033,3,,
STR3,8/5/2024,14.4036,3,,
STR3,8/5/2024,14.4039,3,,
STR3,8/5/2024,14.4042,3,,
STR3,8/5/2024,14.4044,3,,
STR3,8/5/2024,14.4047,3,,
STR3,8/5/2024,14.4050,3,,
STR3,8/5/2024,14.4053,3,,
STR3,8/5/2024,14.4056,3,,
STR3,8/5/2024,14.4058,3,,
STR3,8/5/2024,14.4061,3,,
STR3,8/5/2024,14.4064,3,,
STR3,8/5/2024,14.4067,3,,
STR3,8/5/2024,14.4069,3,,
STR3,8/5/2024,14.4072,3,,
STR3,8/5/2024,14.4075,3,,
STR3,8/5/2024,14.4078,3,,
STR3,8/5/2024,14.4081,3,,
STR3,8/5/2024,14.4083,3,,
STR3,8/5/2024,14.4086,3,,
STR3,8/5/2024,14.4089,3,,
STR3,8/5/2024,14.4092,3,,
STR3,8/5/2024,14.4094,3,,
STR3,8/5/2024,14.4097,3,,
STR3,8/5/2024,14.4100,3,,
STR3,8/5/2024,14.4103,3,,
STR3,8/5/2024,14.4106,3,,
STR3,8/5/2024,14.4108,3,,
STR3,8/5/2024,14.4111,2,,
STR3,8/5/2024,14.4114,2,,
STR3,8/5/2024,14.4117,2,,
STR3,8/5/2024,14.4119,2,,
STR3,8/5/2024,14.4122,2,,
STR3,8/5/2024,14.4125,3,,
STR3,8/5/2024,14.4128,2,,
STR3,8/5/2024,14.4131,2,,
STR3,8/5/2024,14.4133,2,,
STR3,8/5/2024,14.4136,2,,
STR3,8/5/2024,14.4139,2,,
STR3,8/5/2024,14.4142,2,,
STR3,8/5/2024,14.4144,2,,
STR3,8/5/2024,14.4147,2,,
STR3,8/5/2024,14.4150,2,,
STR3,8/5/2024,14.4153,2,,
STR3,8/5/2024,14.4156,2,,
STR3,8/5/2024,14.4158,2,,
STR3,8/5/2024,14.4161,2,,
STR3,8/5/2024,14.4164,2,,
STR3,8/5/2024,14.4167,2,,
STR3,8/5/2024,14.4169,2,,
STR3,8/5/2024,14.4172,2,,
STR3,8/5/2024,14.4175,2,,
STR3,8/5/2024,14.4178,2,,
STR3,8/5/2024,14.4181,2,,
STR3,8/5/2024,14.4183,2,,
STR3,8/5/2024,14.4186,2,,
STR3,8/5/2024,14.4189,2,,
STR3,8/5/2024,14.4192,2,,
STR3,8/5/2024,14.4194,2,,
STR3,8/5/2024,14.4197,2,,
STR3,8/5/2024,14.4200,2,,
STR3,8/5/2024,14.4203,2,,
STR3,8/5/2024,14.4206,2,,
STR3,8/5/2024,14.4208,2,,
STR3,8/5/2024,14.4211,2,,
STR3,8/5/2024,14.4214,2,,
STR3,8/5/2024,14.4217,2,,
STR3,8/5/2024,14.4219,2,,
STR3,8/5/2024,14.4222,2,,
STR3,8/5/2024,14.4225,2,,
STR3,8/5/2024,14.4228,2,,
STR3,8/5/2024,14.4231,2,,
STR3,8/5/2024,14.4233,2,,
STR3,8/5/2024,14.4236,2,,
STR3,8/5/2024,14.4239,2,,
STR3,8/5/2024,14.4242,2,,
STR3,8/5/2024,14.4244,2,,
STR3,8/5/2024,14.4247,2,,
STR3,8/5/2024,14.4250,2,,
STR3,8/5/2024,14.4253,2,,
STR3,8/5/2024,14.4256,2,,
STR3,8/5/2024,14.4258,2,,
STR3,8/5/2024,14.4261,2,,
STR3,8/5/2024,14.4264,2,,
STR3,8/5/2024,14.4267,2,,
STR3,8/5/2024,14.4269,2,,
STR3,8/5/2024,14.4272,2,,
STR3,8/5/2024,14.4275,2,,
STR3,8/5/2024,14.4278,2,,
STR3,8/5/2024,14.4281,2,,
STR3,8/5/2024,14.4283,2,,
STR3,8/5/2024,14.4286,2,,
STR3,8/5/2024,14.4289,1,,
STR3,8/5/2024,14.4292,2,,
STR3,8/5/2024,14.4294,1,,
STR3,8/5/2024,14.4297,1,,
STR3,8/5/2024,14.4300,2,,
STR3,8/5/2024,14.4303,2,,
STR3,8/5/2024,14.4306,1,,
STR3,8/5/2024,14.4308,2,,
STR3,8/5/2024,14.4311,1,,
STR3,8/5/2024,14.4314,1,,
STR3,8/5/2024,14.4317,1,,
STR3,8/5/2024,14.4319,1,,
STR3,8/5/2024,14.4322,1,,
STR3,8/5/2024,14.4325,1,,
STR3,8/5/2024,14.4328,1,,
STR3,8/5/2024,14.4331,2,,
STR3,8/5/2024,14.4333,1,,
STR3,8/5/2024,14.4336,1,,
STR3,8/5/2024,14.4339,1,,
STR3,8/5/2024,14.4342,1,,
STR3,8/5/2024,14.4344,1,,
STR3,8/5/2024,14.4347,1,,
STR3,8/5/2024,14.4350,1,,
STR3,8/5/2024,14.4353,1,,
STR3,8/5/2024,14.4356,1,,
STR3,8/5/2024,14.4358,1,,
STR3,8/5/2024,14.4361,1,,
STR3,8/5/2024,14.4364,1,,
STR3,8/5/2024,14.4367,1,,
STR3,8/5/2024,14.4369,1,,
STR3,8/5/2024,14.4372,1,,
STR3,8/5/2024,14.4375,1,,
STR3,8/5/2024,14.4378,2,,
STR3,8/5/2024,14.4381,2,,
STR3,8/5/2024,14.4383,1,,
STR3,8/5/2024,14.4386,1,,
STR3,8/5/2024,14.4389,1,,
STR3,8/5/2024,14.4392,1,,
STR3,8/5/2024,14.4394,1,,
STR3,8/5/2024,14.4397,2,,
STR3,8/5/2024,14.4400,2,,
STR3,8/5/2024,14.4403,2,,
STR3,8/5/2024,14.4406,2,,
STR3,8/5/2024,14.4408,2,,
STR3,8/5/2024,14.4411,1,,
STR3,8/5/2024,14.4414,2,,
STR3,8/5/2024,14.4417,2,,
STR3,8/5/2024,14.4419,2,,
STR3,8/5/2024,14.4422,2,,
STR3,8/5/2024,14.4425,2,,
STR3,8/5/2024,14.4428,2,,
STR3,8/5/2024,14.4431,2,,
STR3,8/5/2024,14.4433,2,,
STR3,8/5/2024,14.4436,2,,
STR3,8/5/2024,14.4439,2,,
STR3,8/5/2024,14.4442,2,,
STR3,8/5/2024,14.4444,2,,
STR3,8/5/2024,14.4447,2,,
STR3,8/5/2024,14.4450,1,,
STR3,8/5/2024,14.4453,1,,
STR3,8/5/2024,14.4456,1,,
STR3,8/5/2024,14.4458,2,,
STR3,8/5/2024,14.4461,2,,
STR3,8/5/2024,14.4464,1,,
STR3,8/5/2024,14.4467,1,,
STR3,8/5/2024,14.4469,1,,
STR3,8/5/2024,14.4472,1,,
STR3,8/5/2024,14.4475,1,,
STR3,8/5/2024,14.4478,1,,
STR3,8/5/2024,14.4481,1,,
STR3,8/5/2024,14.4483,1,,
STR3,8/5/2024,14.4486,1,,
STR3,8/5/2024,14.4489,1,,
STR3,8/5/2024,14.4492,1,,
STR3,8/5/2024,14.4494,1,,
STR3,8/5/2024,14.4497,1,,
STR3,8/5/2024,14.4500,1,,
STR3,8/5/2024,14.4503,1,,
STR3,8/5/2024,14.4506,1,,
STR3,8/5/2024,14.4508,1,,
STR3,8/5/2024,14.4511,1,,
STR3,8/5/2024,14.4514,1,,
STR3,8/5/2024,14.4517,1,,
STR3,8/5/2024,14.4519,1,,
STR3,8/5/2024,14.4522,1,,
STR3,8/5/2024,14.4525,1,,
STR3,8/5/2024,14.4528,1,,
STR3,8/5/2024,14.4531,1,,
STR3,8/5/2024,14.4533,1,,
STR3,8/5/2024,14.4536,1,,
STR3,8/5/2024,14.4539,1,,
STR3,8/5/2024,14.4542,1,,
STR3,8/5/2024,14.4544,1,,
STR3,8/5/2024,14.4547,1,,
STR3,8/5/2024,14.4550,1,,
STR3,8/5/2024,14.4553,1,,
STR3,8/5/2024,14.4556,1,,
STR3,8/5/2024,14.4558,1,,
STR3,8/5/2024,14.4561,1,,
STR3,8/5/2024,14.4564,1,,
STR3,8/5/2024,14.4567,1,,
STR3,8/5/2024,14.4569,1,,
STR3,8/5/2024,14.4572,1,,
STR3,8/5/2024,14.4575,1,,
STR3,8/5/2024,14.4578,1,,
STR3,8/5/2024,14.4581,1,,
STR3,8/5/2024,14.4583,1,,
STR3,8/5/2024,14.4586,1,,
STR3,8/5/2024,14.4589,1,,
STR3,8/5/2024,14.4592,1,,
STR3,8/5/2024,14.4594,1,,
STR3,8/5/2024,14.4597,1,,
STR3,8/5/2024,14.4600,1,,
STR3,8/5/2024,14.4603,1,,
STR3,8/5/2024,14.4606,1,,
STR3,8/5/2024,14.4608,1,,
STR3,8/5/2024,14.4611,1,,
STR3,8/5/2024,14.4614,1,,
STR4,8/5/2024,14.9167,0,,
STR4,8/5/2024,14.9169,0,,
STR4,8/5/2024,14.9172,0,,
STR4,8/5/2024,14.9175,0,,
STR4,8/5/2024,14.9178,0,,
STR4,8/5/2024,14.9181,0,,
STR4,8/5/2024,14.9183,0,,
STR4,8/5/2024,14.9186,0,,
STR4,8/5/2024,14.9189,0,,
STR4,8/5/2024,14.9192,0,,
STR4,8/5/2024,14.9194,0,,
STR4,8/5/2024,14.9197,0,,
STR4,8/5/2024,14.9200,0,,
STR4,8/5/2024,14.9203,0,,
STR4,8/5/2024,14.9206,0,,
STR4,8/5/2024,14.9208,0,,
STR4,8/5/2024,14.9211,0,,
STR4,8/5/2024,14.9214,0,,
STR4,8/5/2024,14.9217,0,,
STR4,8/5/2024,14.9219,0,,
STR4,8/5/2024,14.9222,0,,
STR4,8/5/2024,14.9225,0,,
STR4,8/5/2024,14.9228,0,,
STR4,8/5/2024,14.9231,0,,
STR4,8/5/2024,14.9233,0,,
STR4,8/5/2024,14.9236,0,,
STR4,8/5/2024,14.9239,1,,
STR4,8/5/2024,14.9242,1,,
STR4,8/5/2024,14.9244,2,,
STR4,8/5/2024,14.9247,3,,
STR4,8/5/2024,14.9250,3,,
STR4,8/5/2024,14.9253,5,,
STR4,8/5/2024,14.9256,7,,
STR4,8/5/2024,14.9258,11,,
STR4,8/5/2024,14.9261,14,,
STR4,8/5/2024,14.9264,16,,
STR4,8/5/2024,14.9267,19,,
STR4,8/5/2024,14.9269,24,,
STR4,8/5/2024,14.9272,33,,
STR4,8/5/2024,14.9275,44,,
STR4,8/5/2024,14.9278,60,,
STR4,8/5/2024,14.9281,74,,
STR4,8/5/2024,14.9283,86,,
STR4,8/5/2024,14.9286,99,,
STR4,8/5/2024,14.9289,111,,
STR4,8/5/2024,14.9292,132,,
STR4,8/5/2024,14.9294,147,,
STR4,8/5/2024,14.9297,157,,
STR4,8/5/2024,14.9300,168,,
STR4,8/5/2024,14.9303,180,,
STR4,8/5/2024,14.9306,191,,
STR4,8/5/2024,14.9308,201,,
STR4,8/5/2024,14.9311,222,,
STR4,8/5/2024,14.9314,237,,
STR4,8/5/2024,14.9317,251,,
STR4,8/5/2024,14.9319,266,,
STR4,8/5/2024,14.9322,282,,
STR4,8/5/2024,14.9325,296,,
STR4,8/5/2024,14.9328,306,,
STR4,8/5/2024,14.9331,316,,
STR4,8/5/2024,14.9333,322,,
STR4,8/5/2024,14.9336,327,,
STR4,8/5/2024,14.9339,337,,
STR4,8/5/2024,14.9342,350,,
STR4,8/5/2024,14.9344,350,,
STR4,8/5/2024,14.9347,382,,
STR4,8/5/2024,14.9350,396,,
STR4,8/5/2024,14.9353,409,,
STR4,8/5/2024,14.9356,418,,
STR4,8/5/2024,14.9358,427,,
STR4,8/5/2024,14.9361,437,,
STR4,8/5/2024,14.9364,445,,
STR4,8/5/2024,14.9367,453,,
STR4,8/5/2024,14.9369,466,,
STR4,8/5/2024,14.9372,473,,
STR4,8/5/2024,14.9375,480,,
STR4,8/5/2024,14.9378,488,,
STR4,8/5/2024,14.9381,493,,
STR4,8/5/2024,14.9383,497,,
STR4,8/5/2024,14.9386,502,,
STR4,8/5/2024,14.9389,509,,
STR4,8/5/2024,14.9392,513,,
STR4,8/5/2024,14.9394,517,,
STR4,8/5/2024,14.9397,520,,
STR4,8/5/2024,14.9400,523,,
STR4,8/5/2024,14.9403,524,,
STR4,8/5/2024,14.9406,525,,
STR4,8/5/2024,14.9408,528,,
STR4,8/5/2024,14.9411,529,,
STR4,8/5/2024,14.9414,530,,
STR4,8/5/2024,14.9417,530,,
STR4,8/5/2024,14.9419,530,,
STR4,8/5/2024,14.9422,530,,
STR4,8/5/2024,14.9425,529,,
STR4,8/5/2024,14.9428,527,,
STR4,8/5/2024,14.9431,524,,
STR4,8/5/2024,14.9433,519,,
STR4,8/5/2024,14.9436,514,,
STR4,8/5/2024,14.9439,509,,
STR4,8/5/2024,14.9442,503,,
STR4,8/5/2024,14.9444,498,,
STR4,8/5/2024,14.9447,489,,
STR4,8/5/2024,14.9450,482,,
STR4,8/5/2024,14.9453,475,,
STR4,8/5/2024,14.9456,469,,
STR4,8/5/2024,14.9458,464,,
STR4,8/5/2024,14.9461,458,,
STR4,8/5/2024,14.9464,451,,
STR4,8/5/2024,14.9467,446,,
STR4,8/5/2024,14.9469,442,,
STR4,8/5/2024,14.9472,440,,
STR4,8/5/2024,14.9475,439,,
STR4,8/5/2024,14.9478,436,,
STR4,8/5/2024,14.9481,430,,
STR4,8/5/2024,14.9483,421,,
STR4,8/5/2024,14.9486,415,,
STR4,8/5/2024,14.9489,409,,
STR4,8/5/2024,14.9492,402,,
STR4,8/5/2024,14.9494,396,,
STR4,8/5/2024,14.9497,393,,
STR4,8/5/2024,14.9500,389,,
STR4,8/5/2024,14.9503,383,,
STR4,8/5/2024,14.9506,380,,
STR4,8/5/2024,14.9508,375,,
STR4,8/5/2024,14.9511,366,,
STR4,8/5/2024,14.9514,355,,
STR4,8/5/2024,14.9517,345,,
STR4,8/5/2024,14.9519,338,,
STR4,8/5/2024,14.9522,331,,
STR4,8/5/2024,14.9525,327,,
STR4,8/5/2024,14.9528,323,,
STR4,8/5/2024,14.9531,317,,
STR4,8/5/2024,14.9533,311,,
STR4,8/5/2024,14.9536,304,,
STR4,8/5/2024,14.9539,296,,
STR4,8/5/2024,14.9542,279,,
STR4,8/5/2024,14.9544,277,,
STR4,8/5/2024,14.9547,273,,
STR4,8/5/2024,14.9550,267,,
STR4,8/5/2024,14.9553,261,,
STR4,8/5/2024,14.9556,258,,
STR4,8/5/2024,14.9558,255,,
STR4,8/5/2024,14.9561,251,,
STR4,8/5/2024,14.9564,247,,
STR4,8/5/2024,14.9567,243,,
STR4,8/5/2024,14.9569,240,,
STR4,8/5/2024,14.9572,236,,
STR4,8/5/2024,14.9575,231,,
STR4,8/5/2024,14.9578,226,,
STR4,8/5/2024,14.9581,218,,
STR4,8/5/2024,14.9583,214,,
STR4,8/5/2024,14.9586,209,,
STR4,8/5/2024,14.9589,202,,
STR4,8/5/2024,14.9592,197,,
STR4,8/5/2024,14.9594,193,,
STR4,8/5/2024,14.9597,189,,
STR4,8/5/2024,14.9600,182,,
STR4,8/5/2024,14.9603,179,,
STR4,8/5/2024,14.9606,177,,
STR4,8/5/2024,14.9608,174,,
STR4,8/5/2024,14.9611,171,,
STR4,8/5/2024,14.9614,167,,
STR4,8/5/2024,14.9617,165,,
STR4,8/5/2024,14.9619,161,,
STR4,8/5/2024,14.9622,156,,
STR4,8/5/2024,14.9625,152,,
STR4,8/5/2024,14.9628,148,,
STR4,8/5/2024,14.9631,145,,
STR4,8/5/2024,14.9633,141,,
STR4,8/5/2024,14.9636,137,,
STR4,8/5/2024,14.9639,132,,
STR4,8/5/2024,14.9642,130,,
STR4,8/5/2024,14.9644,127,,
STR4,8/5/2024,14.9647,125,,
STR4,8/5/2024,14.9650,122,,
STR4,8/5/2024,14.9653,118,,
STR4,8/5/2024,14.9656,115,,
STR4,8/5/2024,14.9658,112,,
STR4,8/5/2024,14.9661,110,,
STR4,8/5/2024,14.9664,107,,
STR4,8/5/2024,14.9667,105,,
STR4,8/5/2024,14.9669,103,,
STR4,8/5/2024,14.9672,100,,
STR4,8/5/2024,14.9675,98,,
STR4,8/5/2024,14.9678,95,,
STR4,8/5/2024,14.9681,93,,
STR4,8/5/2024,14.9683,91,,
STR4,8/5/2024,14.9686,90,,
STR4,8/5/2024,14.9689,88,,
STR4,8/5/2024,14.9692,87,,
STR4,8/5/2024,14.9694,86,,
STR4,8/5/2024,14.9697,84,,
STR4,8/5/2024,14.9700,82,,
STR4,8/5/2024,14.9703,80,,
STR4,8/5/2024,14.9706,78,,
STR4,8/5/2024,14.9708,76,,
STR4,8/5/2024,14.9711,74,,
STR4,8/5/2024,14.9714,71,,
STR4,8/5/2024,14.9717,70,,
STR4,8/5/2024,14.9719,68,,
STR4,8/5/2024,14.9722,67,,
STR4,8/5/2024,14.9725,65,,
STR4,8/5/2024,14.9728,63,,
STR4,8/5/2024,14.9731,61,,
STR4,8/5/2024,14.9733,60,,
STR4,8/5/2024,14.9736,59,,
STR4,8/5/2024,14.9739,58,,
STR4,8/5/2024,14.9742,57,,
STR4,8/5/2024,14.9744,56,,
STR4,8/5/2024,14.9747,54,,
STR4,8/5/2024,14.9750,53,,
STR4,8/5/2024,14.9753,52,,
STR4,8/5/2024,14.9756,52,,
STR4,8/5/2024,14.9758,51,,
STR4,8/5/2024,14.9761,50,,
STR4,8/5/2024,14.9764,49,,
STR4,8/5/2024,14.9767,48,,
STR4,8/5/2024,14.9769,46,,
STR4,8/5/2024,14.9772,44,,
STR4,8/5/2024,14.9775,43,,
STR4,8/5/2024,14.9778,42,,
STR4,8/5/2024,14.9781,40,,
STR4,8/5/2024,14.9783,39,,
STR4,8/5/2024,14.9786,38,,
STR4,8/5/2024,14.9789,37,,
STR4,8/5/2024,14.9792,36,,
STR4,8/5/2024,14.9794,35,,
STR4,8/5/2024,14.9797,34,,
STR4,8/5/2024,14.9800,33,,
STR4,8/5/2024,14.9803,32,,
STR4,8/5/2024,14.9806,31,,
STR4,8/5/2024,14.9808,30,,
STR4,8/5/2024,14.9811,29,,
STR4,8/5/2024,14.9814,29,,
STR4,8/5/2024,14.9817,28,,
STR4,8/5/2024,14.9819,27,,
STR4,8/5/2024,14.9822,27,,
STR4,8/5/2024,14.9825,26,,
STR4,8/5/2024,14.9828,26,,
STR4,8/5/2024,14.9831,24,,
STR4,8/5/2024,14.9833,24,,
STR4,8/5/2024,14.9836,23,,
STR4,8/5/2024,14.9839,23,,
STR4,8/5/2024,14.9842,23,,
STR4,8/5/2024,14.9844,22,,
STR4,8/5/2024,14.9847,22,,
STR4,8/5/2024,14.9850,21,,
STR4,8/5/2024,14.9853,21,,
STR4,8/5/2024,14.9856,20,,
STR4,8/5/2024,14.9858,19,,
STR4,8/5/2024,14.9861,19,,
STR4,8/5/2024,14.9864,19,,
STR4,8/5/2024,14.9867,18,,
STR4,8/5/2024,14.9869,17,,
STR4,8/5/2024,14.9872,17,,
STR4,8/5/2024,14.9875,16,,
STR4,8/5/2024,14.9878,16,,
STR4,8/5/2024,14.9881,15,,
STR4,8/5/2024,14.9883,15,,
STR4,8/5/2024,14.9886,14,,
STR4,8/5/2024,14.9889,13,,
STR4,8/5/2024,14.9892,13,,
STR4,8/5/2024,14.9894,12,,
STR4,8/5/2024,14.9897,12,,
STR4,8/5/2024,14.9900,12,,
STR4,8/5/2024,14.9903,12,,
STR4,8/5/2024,14.9906,11,,
STR4,8/5/2024,14.9908,11,,
STR4,8/5/2024,14.9911,11,,
STR4,8/5/2024,14.9914,11,,
STR4,8/5/2024,14.9917,10,,
STR4,8/5/2024,14.9919,10,,
STR4,8/5/2024,14.9922,10,,
STR4,8/5/2024,14.9925,10,,
STR4,8/5/2024,14.9928,9,,
STR4,8/5/2024,14.9931,9,,
STR4,8/5/2024,14.9933,9,,
STR4,8/5/2024,14.9936,8,,
STR4,8/5/2024,14.9939,8,,
STR4,8/5/2024,14.9942,8,,
STR4,8/5/2024,14.9944,8,,
STR4,8/5/2024,14.9947,8,,
STR4,8/5/2024,14.9950,7,,
STR4,8/5/2024,14.9953,7,,
STR4,8/5/2024,14.9956,7,,
STR4,8/5/2024,14.9958,7,,
STR4,8/5/2024,14.9961,7,,
STR4,8/5/2024,14.9964,6,,
STR4,8/5/2024,14.9967,6,,
STR4,8/5/2024,14.9969,6,,
STR4,8/5/2024,14.9972,6,,
STR4,8/5/2024,14.9975,6,,
STR4,8/5/2024,14.9978,6,,
STR4,8/5/2024,14.9981,5,,
STR4,8/5/2024,14.9983,5,,
STR4,8/5/2024,14.9986,5,,
STR4,8/5/2024,14.9989,5,,
STR4,8/5/2024,14.9992,5,,
STR4,8/5/2024,14.9994,5,,
STR4,8/5/2024,14.9997,5,,
STR4,8/5/2024,15.0000,4,,
STR4,8/5/2024,15.0003,4,,
STR4,8/5/2024,15.0006,4,,
STR4,8/5/2024,15.0008,4,,
STR4,8/5/2024,15.0011,4,,
STR4,8/5/2024,15.0014,4,,
STR4,8/5/2024,15.0017,4,,
STR4,8/5/2024,15.0019,4,,
STR4,8/5/2024,15.0022,4,,
STR4,8/5/2024,15.0025,4,,
STR4,8/5/2024,15.0028,4,,
STR4,8/5/2024,15.0031,3,,
STR4,8/5/2024,15.0033,3,,
STR4,8/5/2024,15.0036,3,,
STR4,8/5/2024,15.0039,3,,
STR4,8/5/2024,15.0042,3,,
STR4,8/5/2024,15.0044,3,,
STR4,8/5/2024,15.0047,3,,
STR4,8/5/2024,15.0050,3,,
STR4,8/5/2024,15.0053,3,,
STR4,8/5/2024,15.0056,3,,
STR4,8/5/2024,15.0058,3,,
STR4,8/5/2024,15.0061,2,,
STR4,8/5/2024,15.0064,2,,
STR4,8/5/2024,15.0067,2,,
STR4,8/5/2024,15.0069,2,,
STR4,8/5/2024,15.0072,2,,
STR4,8/5/2024,15.0075,2,,
STR4,8/5/2024,15.0078,2,,
STR4,8/5/2024,15.0081,2,,
STR4,8/5/2024,15.0083,2,,
STR4,8/5/2024,15.0086,2,,
STR4,8/5/2024,15.0089,2,,
STR4,8/5/2024,15.0092,2,,
STR4,8/5/2024,15.0094,1,,
STR4,8/5/2024,15.0097,1,,
STR4,8/5/2024,15.0100,1,,
STR4,8/5/2024,15.0103,1,,
STR4,8/5/2024,15.0106,1,,
STR4,8/5/2024,15.0108,1,,
STR4,8/5/2024,15.0111,1,,
STR4,8/5/2024,15.0114,1,,
STR4,8/5/2024,15.0117,1,,
STR4,8/5/2024,15.0119,1,,
STR4,8/5/2024,15.0122,1,,
STR4,8/5/2024,15.0125,1,,
STR4,8/5/2024,15.0128,1,,
STR4,8/5/2024,15.0131,1,,
STR4,8/5/2024,15.0133,1,,
STR4,8/5/2024,15.0136,1,,
STR4,8/5/2024,15.0139,1,,
STR4,8/5/2024,15.0142,1,,
STR4,8/5/2024,15.0144,1,,
STR4,8/5/2024,15.0147,1,,
STR4,8/5/2024,15.0150,1,,
STR4,8/5/2024,15.0153,0,,
STR4,8/5/2024,15.0156,0,,
STR4,8/5/2024,15.0158,0,,
STR4,8/5/2024,15.0161,0,,
STR4,8/5/2024,15.0164,0,,
STR4,8/5/2024,15.0167,0,,
STR4,8/5/2024,15.0169,0,,
STR4,8/5/2024,15.0172,0,,
STR4,8/5/2024,15.0175,0,,
STR4,8/5/2024,15.0178,0,,
STR4,8/5/2024,15.0181,0,,
STR4,8/5/2024,15.0183,0,,
STR4,8/5/2024,15.0186,0,,
STR4,8/5/2024,15.0189,0,,
STR4,8/5/2024,15.0192,0,,
STR4,8/5/2024,15.0194,0,,
STR4,8/5/2024,15.0197,0,,
STR4,8/5/2024,15.0200,0,,
STR4,8/5/2024,15.0203,0,,
STR4,8/5/2024,15.0206,0,,
STR4,8/5/2024,15.0208,0,,
STR4,8/5/2024,15.0211,0,,
STR4,8/5/2024,15.0214,0,,
STR4,8/5/2024,15.0217,0,,
STR4,8/5/2024,15.0219,0,,
STR4,8/5/2024,15.0222,0,,
STR4,8/5/2024,15.0225,0,,
STR4,8/5/2024,15.0228,0,,
STR4,8/5/2024,15.0231,0,,
STR4,8/5/2024,15.0233,0,,
STR4,8/5/2024,15.0236,0,,
STR4,8/5/2024,15.0239,0,,
STR4,8/5/2024,15.0242,0,,
STR4,8/5/2024,15.0244,0,,
STR4,8/5/2024,15.0247,0,,
STR4,8/5/2024,15.0250,0,,
STR4,8/5/2024,15.0253,0,,
STR4,8/5/2024,15.0256,0,,
STR4,8/5/2024,15.0258,0,,
STR4,8/5/2024,15.0261,0,,
STR4,8/5/2024,15.0264,0,,
STR4,8/5/2024,15.0267,0,,
STR4,8/5/2024,15.0269,0,,
STR4,8/5/2024,15.0272,0,,
STR4,8/5/2024,15.0275,0,,
STR4,8/5/2024,15.0278,0,,
STR4,8/5/2024,15.0281,0,,
STR4,8/5/2024,15.0283,0,,
STR4,8/5/2024,15.0286,0,,
STR4,8/5/2024,15.0289,0,,
STR4,8/5/2024,15.0292,0,,
STR4,8/5/2024,15.0294,0,,
STR4,8/5/2024,15.0297,0,,
STR4,8/5/2024,15.0300,0,,
STR4,8/5/2024,15.0303,0,,
STR6,8/5/2024,12.9500,0,,
STR6,8/5/2024,12.9503,0,,
STR6,8/5/2024,12.9506,0,,
STR6,8/5/2024,12.9508,0,,
STR6,8/5/2024,12.9511,0,,
STR6,8/5/2024,12.9514,0,,
STR6,8/5/2024,12.9517,0,,
STR6,8/5/2024,12.9519,0,,
STR6,8/5/2024,12.9522,0,,
STR6,8/5/2024,12.9525,0,,
STR6,8/5/2024,12.9528,0,,
STR6,8/5/2024,12.9531,0,,
STR6,8/5/2024,12.9533,0,,
STR6,8/5/2024,12.9536,0,,
STR6,8/5/2024,12.9539,0,,
STR6,8/5/2024,12.9542,0,,
STR6,8/5/2024,12.9544,0,,
STR6,8/5/2024,12.9547,0,,
STR6,8/5/2024,12.9550,0,,
STR6,8/5/2024,12.9553,0,,
STR6,8/5/2024,12.9556,0,,
STR6,8/5/2024,12.9558,0,,
STR6,8/5/2024,12.9561,0,,
STR6,8/5/2024,12.9564,0,,
STR6,8/5/2024,12.9567,0,,
STR6,8/5/2024,12.9569,0,,
STR6,8/5/2024,12.9572,0,,
STR6,8/5/2024,12.9575,0,,
STR6,8/5/2024,12.9578,0,,
STR6,8/5/2024,12.9581,0,,
STR6,8/5/2024,12.9583,0,,
STR6,8/5/2024,12.9586,0,,
STR6,8/5/2024,12.9589,0,,
STR6,8/5/2024,12.9592,0,,
STR6,8/5/2024,12.9594,0,,
STR6,8/5/2024,12.9597,0,,
STR6,8/5/2024,12.9600,0,,
STR6,8/5/2024,12.9603,0,,
STR6,8/5/2024,12.9606,1,,
STR6,8/5/2024,12.9608,2,,
STR6,8/5/2024,12.9611,3,,
STR6,8/5/2024,12.9614,4,,
STR6,8/5/2024,12.9617,4,,
STR6,8/5/2024,12.9619,5,,
STR6,8/5/2024,12.9622,6,,
STR6,8/5/2024,12.9625,9,,
STR6,8/5/2024,12.9628,13,,
STR6,8/5/2024,12.9631,17,,
STR6,8/5/2024,12.9633,19,,
STR6,8/5/2024,12.9636,22,,
STR6,8/5/2024,12.9639,26,,
STR6,8/5/2024,12.9642,32,,
STR6,8/5/2024,12.9644,39,,
STR6,8/5/2024,12.9647,48,,
STR6,8/5/2024,12.9650,66,,
STR6,8/5/2024,12.9653,84,,
STR6,8/5/2024,12.9656,104,,
STR6,8/5/2024,12.9658,121,,
STR6,8/5/2024,12.9661,130,,
STR6,8/5/2024,12.9664,136,,
STR6,8/5/2024,12.9667,146,,
STR6,8/5/2024,12.9669,155,,
STR6,8/5/2024,12.9672,166,,
STR6,8/5/2024,12.9675,177,,
STR6,8/5/2024,12.9678,185,,
STR6,8/5/2024,12.9681,190,,
STR6,8/5/2024,12.9683,195,,
STR6,8/5/2024,12.9686,208,,
STR6,8/5/2024,12.9689,219,,
STR6,8/5/2024,12.9692,239,,
STR6,8/5/2024,12.9694,265,,
STR6,8/5/2024,12.9697,286,,
STR6,8/5/2024,12.9700,299,,
STR6,8/5/2024,12.9703,310,,
STR6,8/5/2024,12.9706,325,,
STR6,8/5/2024,12.9708,336,,
STR6,8/5/2024,12.9711,347,,
STR6,8/5/2024,12.9714,354,,
STR6,8/5/2024,12.9717,396,,
STR6,8/5/2024,12.9719,405,,
STR6,8/5/2024,12.9722,421,,
STR6,8/5/2024,12.9725,435,,
STR6,8/5/2024,12.9728,441,,
STR6,8/5/2024,12.9731,444,,
STR6,8/5/2024,12.9733,447,,
STR6,8/5/2024,12.9736,451,,
STR6,8/5/2024,12.9739,455,,
STR6,8/5/2024,12.9742,455,,
STR6,8/5/2024,12.9744,457,,
STR6,8/5/2024,12.9747,459,,
STR6,8/5/2024,12.9750,462,,
STR6,8/5/2024,12.9753,465,,
STR6,8/5/2024,12.9756,468,,
STR6,8/5/2024,12.9758,470,,
STR6,8/5/2024,12.9761,471,,
STR6,8/5/2024,12.9764,475,,
STR6,8/5/2024,12.9767,477,,
STR6,8/5/2024,12.9769,477,,
STR6,8/5/2024,12.9772,475,,
STR6,8/5/2024,12.9775,474,,
STR6,8/5/2024,12.9778,471,,
STR6,8/5/2024,12.9781,468,,
STR6,8/5/2024,12.9783,464,,
STR6,8/5/2024,12.9786,462,,
STR6,8/5/2024,12.9789,460,,
STR6,8/5/2024,12.9792,457,,
STR6,8/5/2024,12.9794,454,,
STR6,8/5/2024,12.9797,450,,
STR6,8/5/2024,12.9800,446,,
STR6,8/5/2024,12.9803,441,,
STR6,8/5/2024,12.9806,438,,
STR6,8/5/2024,12.9808,433,,
STR6,8/5/2024,12.9811,427,,
STR6,8/5/2024,12.9814,420,,
STR6,8/5/2024,12.9817,412,,
STR6,8/5/2024,12.9819,406,,
STR6,8/5/2024,12.9822,401,,
STR6,8/5/2024,12.9825,398,,
STR6,8/5/2024,12.9828,397,,
STR6,8/5/2024,12.9831,396,,
STR6,8/5/2024,12.9833,395,,
STR6,8/5/2024,12.9836,395,,
STR6,8/5/2024,12.9839,394,,
STR6,8/5/2024,12.9842,391,,
STR6,8/5/2024,12.9844,386,,
STR6,8/5/2024,12.9847,382,,
STR6,8/5/2024,12.9850,376,,
STR6,8/5/2024,12.9853,368,,
STR6,8/5/2024,12.9856,362,,
STR6,8/5/2024,12.9858,358,,
STR6,8/5/2024,12.9861,348,,
STR6,8/5/2024,12.9864,342,,
STR6,8/5/2024,12.9867,338,,
STR6,8/5/2024,12.9869,334,,
STR6,8/5/2024,12.9872,329,,
STR6,8/5/2024,12.9875,323,,
STR6,8/5/2024,12.9878,320,,
STR6,8/5/2024,12.9881,316,,
STR6,8/5/2024,12.9883,313,,
STR6,8/5/2024,12.9886,309,,
STR6,8/5/2024,12.9889,304,,
STR6,8/5/2024,12.9892,298,,
STR6,8/5/2024,12.9894,298,,
STR6,8/5/2024,12.9897,278,,
STR6,8/5/2024,12.9900,272,,
STR6,8/5/2024,12.9903,268,,
STR6,8/5/2024,12.9906,265,,
STR6,8/5/2024,12.9908,263,,
STR6,8/5/2024,12.9911,261,,
STR6,8/5/2024,12.9914,260,,
STR6,8/5/2024,12.9917,253,,
STR6,8/5/2024,12.9919,248,,
STR6,8/5/2024,12.9922,245,,
STR6,8/5/2024,12.9925,243,,
STR6,8/5/2024,12.9928,240,,
STR6,8/5/2024,12.9931,236,,
STR6,8/5/2024,12.9933,232,,
STR6,8/5/2024,12.9936,229,,
STR6,8/5/2024,12.9939,228,,
STR6,8/5/2024,12.9942,226,,
STR6,8/5/2024,12.9944,223,,
STR6,8/5/2024,12.9947,218,,
STR6,8/5/2024,12.9950,214,,
STR6,8/5/2024,12.9953,211,,
STR6,8/5/2024,12.9956,206,,
STR6,8/5/2024,12.9958,203,,
STR6,8/5/2024,12.9961,199,,
STR6,8/5/2024,12.9964,195,,
STR6,8/5/2024,12.9967,191,,
STR6,8/5/2024,12.9969,188,,
STR6,8/5/2024,12.9972,186,,
STR6,8/5/2024,12.9975,185,,
STR6,8/5/2024,12.9978,181,,
STR6,8/5/2024,12.9981,176,,
STR6,8/5/2024,12.9983,171,,
STR6,8/5/2024,12.9986,166,,
STR6,8/5/2024,12.9989,162,,
STR6,8/5/2024,12.9992,157,,
STR6,8/5/2024,12.9994,152,,
STR6,8/5/2024,12.9997,146,,
STR6,8/5/2024,13.0000,141,,
STR6,8/5/2024,13.0003,139,,
STR6,8/5/2024,13.0006,139,,
STR6,8/5/2024,13.0008,139,,
STR6,8/5/2024,13.0011,138,,
STR6,8/5/2024,13.0014,136,,
STR6,8/5/2024,13.0017,136,,
STR6,8/5/2024,13.0019,135,,
STR6,8/5/2024,13.0022,134,,
STR6,8/5/2024,13.0025,133,,
STR6,8/5/2024,13.0028,131,,
STR6,8/5/2024,13.0031,129,,
STR6,8/5/2024,13.0033,126,,
STR6,8/5/2024,13.0036,123,,
STR6,8/5/2024,13.0039,119,,
STR6,8/5/2024,13.0042,116,,
STR6,8/5/2024,13.0044,114,,
STR6,8/5/2024,13.0047,112,,
STR6,8/5/2024,13.0050,110,,
STR6,8/5/2024,13.0053,107,,
STR6,8/5/2024,13.0056,104,,
STR6,8/5/2024,13.0058,102,,
STR6,8/5/2024,13.0061,100,,
STR6,8/5/2024,13.0064,96,,
STR6,8/5/2024,13.0067,93,,
STR6,8/5/2024,13.0069,91,,
STR6,8/5/2024,13.0072,90,,
STR6,8/5/2024,13.0075,89,,
STR6,8/5/2024,13.0078,88,,
STR6,8/5/2024,13.0081,87,,
STR6,8/5/2024,13.0083,85,,
STR6,8/5/2024,13.0086,84,,
STR6,8/5/2024,13.0089,83,,
STR6,8/5/2024,13.0092,82,,
STR6,8/5/2024,13.0094,82,,
STR6,8/5/2024,13.0097,81,,
STR6,8/5/2024,13.0100,81,,
STR6,8/5/2024,13.0103,80,,
STR6,8/5/2024,13.0106,78,,
STR6,8/5/2024,13.0108,77,,
STR6,8/5/2024,13.0111,75,,
STR6,8/5/2024,13.0114,74,,
STR6,8/5/2024,13.0117,74,,
STR6,8/5/2024,13.0119,74,,
STR6,8/5/2024,13.0122,74,,
STR6,8/5/2024,13.0125,73,,
STR6,8/5/2024,13.0128,71,,
STR6,8/5/2024,13.0131,68,,
STR6,8/5/2024,13.0133,67,,
STR6,8/5/2024,13.0136,65,,
STR6,8/5/2024,13.0139,62,,
STR6,8/5/2024,13.0142,60,,
STR6,8/5/2024,13.0144,59,,
STR6,8/5/2024,13.0147,58,,
STR6,8/5/2024,13.0150,58,,
STR6,8/5/2024,13.0153,58,,
STR6,8/5/2024,13.0156,58,,
STR6,8/5/2024,13.0158,58,,
STR6,8/5/2024,13.0161,59,,
STR6,8/5/2024,13.0164,59,,
STR6,8/5/2024,13.0167,58,,
STR6,8/5/2024,13.0169,56,,
STR6,8/5/2024,13.0172,53,,
STR6,8/5/2024,13.0175,51,,
STR6,8/5/2024,13.0178,48,,
STR6,8/5/2024,13.0181,46,,
STR6,8/5/2024,13.0183,45,,
STR6,8/5/2024,13.0186,45,,
STR6,8/5/2024,13.0189,44,,
STR6,8/5/2024,13.0192,43,,
STR6,8/5/2024,13.0194,43,,
STR6,8/5/2024,13.0197,42,,
STR6,8/5/2024,13.0200,42,,
STR6,8/5/2024,13.0203,42,,
STR6,8/5/2024,13.0206,42,,
STR6,8/5/2024,13.0208,41,,
STR6,8/5/2024,13.0211,40,,
STR6,8/5/2024,13.0214,39,,
STR6,8/5/2024,13.0217,39,,
STR6,8/5/2024,13.0219,39,,
STR6,8/5/2024,13.0222,38,,
STR6,8/5/2024,13.0225,36,,
STR6,8/5/2024,13.0228,35,,
STR6,8/5/2024,13.0231,34,,
STR6,8/5/2024,13.0233,34,,
STR6,8/5/2024,13.0236,34,,
STR6,8/5/2024,13.0239,34,,
STR6,8/5/2024,13.0242,33,,
STR6,8/5/2024,13.0244,32,,
STR6,8/5/2024,13.0247,31,,
STR6,8/5/2024,13.0250,30,,
STR6,8/5/2024,13.0253,30,,
STR6,8/5/2024,13.0256,30,,
STR6,8/5/2024,13.0258,29,,
STR6,8/5/2024,13.0261,29,,
STR6,8/5/2024,13.0264,28,,
STR6,8/5/2024,13.0267,28,,
STR6,8/5/2024,13.0269,27,,
STR6,8/5/2024,13.0272,27,,
STR6,8/5/2024,13.0275,26,,
STR6,8/5/2024,13.0278,25,,
STR6,8/5/2024,13.0281,24,,
STR6,8/5/2024,13.0283,24,,
STR6,8/5/2024,13.0286,24,,
STR6,8/5/2024,13.0289,24,,
STR6,8/5/2024,13.0292,23,,
STR6,8/5/2024,13.0294,23,,
STR6,8/5/2024,13.0297,23,,
STR6,8/5/2024,13.0300,22,,
STR6,8/5/2024,13.0303,22,,
STR6,8/5/2024,13.0306,22,,
STR6,8/5/2024,13.0308,21,,
STR6,8/5/2024,13.0311,21,,
STR6,8/5/2024,13.0314,20,,
STR6,8/5/2024,13.0317,20,,
STR6,8/5/2024,13.0319,19,,
STR6,8/5/2024,13.0322,18,,
STR6,8/5/2024,13.0325,18,,
STR6,8/5/2024,13.0328,17,,
STR6,8/5/2024,13.0331,17,,
STR6,8/5/2024,13.0333,17,,
STR6,8/5/2024,13.0336,17,,
STR6,8/5/2024,13.0339,17,,
STR6,8/5/2024,13.0342,16,,
STR6,8/5/2024,13.0344,16,,
STR6,8/5/2024,13.0347,16,,
STR6,8/5/2024,13.0350,16,,
STR6,8/5/2024,13.0353,16,,
STR6,8/5/2024,13.0356,16,,
STR6,8/5/2024,13.0358,16,,
STR6,8/5/2024,13.0361,15,,
STR6,8/5/2024,13.0364,15,,
STR6,8/5/2024,13.0367,15,,
STR6,8/5/2024,13.0369,15,,
STR6,8/5/2024,13.0372,15,,
STR6,8/5/2024,13.0375,15,,
STR6,8/5/2024,13.0378,15,,
STR6,8/5/2024,13.0381,14,,
STR6,8/5/2024,13.0383,14,,
STR6,8/5/2024,13.0386,13,,
STR6,8/5/2024,13.0389,13,,
STR6,8/5/2024,13.0392,13,,
STR6,8/5/2024,13.0394,13,,
STR6,8/5/2024,13.0397,12,,
STR6,8/5/2024,13.0400,12,,
STR6,8/5/2024,13.0403,12,,
STR6,8/5/2024,13.0406,12,,
STR6,8/5/2024,13.0408,11,,
STR6,8/5/2024,13.0411,11,,
STR6,8/5/2024,13.0414,11,,
STR6,8/5/2024,13.0417,11,,
STR6,8/5/2024,13.0419,10,,
STR6,8/5/2024,13.0422,10,,
STR6,8/5/2024,13.0425,10,,
STR6,8/5/2024,13.0428,10,,
STR6,8/5/2024,13.0431,10,,
STR6,8/5/2024,13.0433,10,,
STR6,8/5/2024,13.0436,10,,
STR6,8/5/2024,13.0439,10,,
STR6,8/5/2024,13.0442,10,,
STR6,8/5/2024,13.0444,10,,
STR6,8/5/2024,13.0447,10,,
STR6,8/5/2024,13.0450,10,,
STR6,8/5/2024,13.0453,9,,
STR6,8/5/2024,13.0456,9,,
STR6,8/5/2024,13.0458,9,,
STR6,8/5/2024,13.0461,9,,
STR6,8/5/2024,13.0464,9,,
STR6,8/5/2024,13.0467,9,,
STR6,8/5/2024,13.0469,9,,
STR6,8/5/2024,13.0472,9,,
STR6,8/5/2024,13.0475,9,,
STR6,8/5/2024,13.0478,8,,
STR6,8/5/2024,13.0481,8,,
STR6,8/5/2024,13.0483,8,,
STR6,8/5/2024,13.0486,8,,
STR6,8/5/2024,13.0489,8,,
STR6,8/5/2024,13.0492,8,,
STR6,8/5/2024,13.0494,7,,
STR6,8/5/2024,13.0497,7,,
STR6,8/5/2024,13.0500,7,,
STR6,8/5/2024,13.0503,7,,
STR6,8/5/2024,13.0506,7,,
STR6,8/5/2024,13.0508,7,,
STR6,8/5/2024,13.0511,7,,
STR6,8/5/2024,13.0514,6,,
STR6,8/5/2024,13.0517,6,,
STR6,8/5/2024,13.0519,6,,
STR6,8/5/2024,13.0522,6,,
STR6,8/5/2024,13.0525,6,,
STR6,8/5/2024,13.0528,6,,
STR6,8/5/2024,13.0531,6,,
STR6,8/5/2024,13.0533,6,,
STR6,8/5/2024,13.0536,6,,
STR6,8/5/2024,13.0539,6,,
STR6,8/5/2024,13.0542,6,,
STR6,8/5/2024,13.0544,6,,
STR6,8/5/2024,13.0547,6,,
STR6,8/5/2024,13.0550,5,,
STR6,8/5/2024,13.0553,5,,
STR6,8/5/2024,13.0556,5,,
STR6,8/5/2024,13.0558,5,,
STR6,8/5/2024,13.0561,5,,
STR6,8/5/2024,13.0564,5,,
STR6,8/5/2024,13.0567,5,,
STR6,8/5/2024,13.0569,5,,
STR6,8/5/2024,13.0572,5,,
STR6,8/5/2024,13.0575,5,,
STR6,8/5/2024,13.0578,5,,
STR6,8/5/2024,13.0581,5,,
STR6,8/5/2024,13.0583,5,,
STR6,8/5/2024,13.0586,5,,
STR6,8/5/2024,13.0589,5,,
STR6,8/5/2024,13.0592,5,,
STR6,8/5/2024,13.0594,5,,
STR6,8/5/2024,13.0597,5,,
STR6,8/5/2024,13.0600,5,,
STR6,8/5/2024,13.0603,5,,
STR6,8/5/2024,13.0606,4,,
STR6,8/5/2024,13.0608,4,,
STR6,8/5/2024,13.0611,4,,
STR6,8/5/2024,13.0614,4,,
STR6,8/5/2024,13.0617,4,,
STR6,8/5/2024,13.0619,4,,
STR6,8/5/2024,13.0622,4,,
STR6,8/5/2024,13.0625,4,,
STR6,8/5/2024,13.0628,4,,
STR6,8/5/2024,13.0631,4,,
STR6,8/5/2024,13.0633,4,,
STR6,8/5/2024,13.0636,4,,
STR6,8/5/2024,13.0639,4,,
STR6,8/5/2024,13.0642,4,,
STR6,8/5/2024,13.0644,4,,
STR6,8/5/2024,13.0647,4,,
STR6,8/5/2024,13.0650,4,,
STR6,8/5/2024,13.0653,4,,
STR6,8/5/2024,13.0656,4,,
STR6,8/5/2024,13.0658,4,,
STR6,8/5/2024,13.0661,3,,
STR6,8/5/2024,13.0664,3,,
STR6,8/5/2024,13.0667,3,,
STR6,8/5/2024,13.0669,3,,
STR6,8/5/2024,13.0672,3,,
STR6,8/5/2024,13.0675,3,,
STR6,8/5/2024,13.0678,3,,
STR6,8/5/2024,13.0681,3,,
STR6,8/5/2024,13.0683,3,,
STR6,8/5/2024,13.0686,3,,
STR6,8/5/2024,13.0689,3,,
STR6,8/5/2024,13.0692,3,,
STR6,8/5/2024,13.0694,3,,
STR6,8/5/2024,13.0697,3,,
STR6,8/5/2024,13.0700,3,,
STR6,8/5/2024,13.0703,3,,
STR6,8/5/2024,13.0706,3,,
STR6,8/5/2024,13.0708,3,,
STR6,8/5/2024,13.0711,3,,
STR6,8/5/2024,13.0714,3,,
STR6,8/5/2024,13.0717,3,,
STR6,8/5/2024,13.0719,3,,
STR6,8/5/2024,13.0722,3,,
STR6,8/5/2024,13.0725,3,,
STR6,8/5/2024,13.0728,3,,
STR6,8/5/2024,13.0731,3,,
STR6,8/5/2024,13.0733,3,,
STR6,8/5/2024,13.0736,3,,
STR6,8/5/2024,13.0739,3,,
STR6,8/5/2024,13.0742,3,,
STR6,8/5/2024,13.0744,3,,
STR6,8/5/2024,13.0747,3,,
STR6,8/5/2024,13.0750,2,,
STR6,8/5/2024,13.0753,2,,
STR6,8/5/2024,13.0756,2,,
STR6,8/5/2024,13.0758,2,,
STR6,8/5/2024,13.0761,2,,
STR6,8/5/2024,13.0764,2,,
STR6,8/5/2024,13.0767,2,,
STR6,8/5/2024,13.0769,2,,
STR6,8/5/2024,13.0772,2,,
STR6,8/5/2024,13.0775,2,,
STR6,8/5/2024,13.0778,2,,
STR6,8/5/2024,13.0781,2,,
STR6,8/5/2024,13.0783,2,,
STR6,8/5/2024,13.0786,2,,
STR6,8/5/2024,13.0789,2,,
STR6,8/5/2024,13.0792,2,,
STR6,8/5/2024,13.0794,2,,
STR6,8/5/2024,13.0797,2,,
STR6,8/5/2024,13.0800,2,,
STR6,8/5/2024,13.0803,2,,
STR6,8/5/2024,13.0806,2,,
STR6,8/5/2024,13.0808,2,,
STR6,8/5/2024,13.0811,2,,
STR6,8/5/2024,13.0814,2,,
STR6,8/5/2024,13.0817,2,,
STR6,8/5/2024,13.0819,2,,
STR6,8/5/2024,13.0822,2,,
STR6,8/5/2024,13.0825,2,,
STR6,8/5/2024,13.0828,2,,
STR6,8/5/2024,13.0831,2,,
STR6,8/5/2024,13.0833,2,,
STR6,8/5/2024,13.0836,2,,
STR6,8/5/2024,13.0839,2,,
STR6,8/5/2024,13.0842,2,,
STR6,8/5/2024,13.0844,2,,
STR6,8/5/2024,13.0847,2,,
STR6,8/5/2024,13.0850,2,,
STR6,8/5/2024,13.0853,2,,
STR6,8/5/2024,13.0856,2,,
STR6,8/5/2024,13.0858,2,,
STR6,8/5/2024,13.0861,1,,
STR6,8/5/2024,13.0864,1,,
STR6,8/5/2024,13.0867,1,,
STR6,8/5/2024,13.0869,1,,
STR6,8/5/2024,13.0872,1,,
STR6,8/5/2024,13.0875,2,,
STR6,8/5/2024,13.0878,2,,
STR6,8/5/2024,13.0881,1,,
STR6,8/5/2024,13.0883,1,,
STR6,8/5/2024,13.0886,1,,
STR6,8/5/2024,13.0889,1,,
STR6,8/5/2024,13.0892,1,,
STR6,8/5/2024,13.0894,1,,
STR6,8/5/2024,13.0897,1,,
STR6,8/5/2024,13.0900,1,,
STR6,8/5/2024,13.0903,1,,
STR6,8/5/2024,13.0906,1,,
STR6,8/5/2024,13.0908,1,,
STR6,8/5/2024,13.0911,1,,
STR6,8/5/2024,13.0914,1,,
STR6,8/5/2024,13.0917,1,,
STR6,8/5/2024,13.0919,1,,
STR6,8/5/2024,13.0922,1,,
STR6,8/5/2024,13.0925,1,,
STR6,8/5/2024,13.0928,1,,
STR6,8/5/2024,13.0931,1,,
STR6,8/5/2024,13.0933,1,,
STR6,8/5/2024,13.0936,1,,
STR6,8/5/2024,13.0939,1,,
STR6,8/5/2024,13.0942,1,,
STR6,8/5/2024,13.0944,1,,
STR6,8/5/2024,13.0947,1,,
STR6,8/5/2024,13.0950,1,,
STR6,8/5/2024,13.0953,1,,
STR6,8/5/2024,13.0956,1,,
STR6,8/5/2024,13.0958,1,,
STR6,8/5/2024,13.0961,1,,
STR6,8/5/2024,13.0964,1,,
STR6,8/5/2024,13.0967,1,,
STR6,8/5/2024,13.0969,1,,
STR6,8/5/2024,13.0972,1,,
STR6,8/5/2024,13.0975,1,,
STR6,8/5/2024,13.0978,1,,
STR6,8/5/2024,13.0981,1,,
STR6,8/5/2024,13.0983,1,,
STR6,8/5/2024,13.0986,1,,
STR6,8/5/2024,13.0989,1,,
STR6,8/5/2024,13.0992,1,,
STR6,8/5/2024,13.0994,1,,
STR6,8/5/2024,13.0997,1,,
STR6,8/5/2024,13.1000,1,,
STR6,8/5/2024,13.1003,1,,
STR6,8/5/2024,13.1006,1,,
STR6,8/5/2024,13.1008,1,,
STR6,8/5/2024,13.1011,1,,
STR6,8/5/2024,13.1014,1,,
STR6,8/5/2024,13.1017,1,,
STR6,8/5/2024,13.1019,1,,
STR6,8/5/2024,13.1022,1,,
STR6,8/5/2024,13.1025,1,,
STR6,8/5/2024,13.1028,1,,
STR6,8/5/2024,13.1031,1,,
STR6,8/5/2024,13.1033,1,,
STR6,8/5/2024,13.1036,1,,
STR6,8/5/2024,13.1039,1,,
STR6,8/5/2024,13.1042,1,,
STR6,8/5/2024,13.1044,1,,
STR6,8/5/2024,13.1047,1,,
STR6,8/5/2024,13.1050,1,,
STR6,8/5/2024,13.1053,1,,
STR6,8/5/2024,13.1056,1,,
STR6,8/5/2024,13.1058,1,,
STR6,8/5/2024,13.1061,1,,
STR6,8/5/2024,13.1064,1,,
STR6,8/5/2024,13.1067,1,,
STR6,8/5/2024,13.1069,1,,
STR6,8/5/2024,13.1072,1,,
STR6,8/5/2024,13.1075,1,,
STR6,8/5/2024,13.1078,1,,
STR6,8/5/2024,13.1081,1,,
STR6,8/5/2024,13.1083,1,,
STR6,8/5/2024,13.1086,1,,
STR6,8/5/2024,13.1089,1,,
STR6,8/5/2024,13.1092,1,,
STR6,8/5/2024,13.1094,1,,
STR6,8/5/2024,13.1097,1,,
STR6,8/5/2024,13.1100,1,,
STR6,8/5/2024,13.1103,1,,
STR6,8/5/2024,13.1106,1,,
STR6,8/5/2024,13.1108,1,,
STR6,8/5/2024,13.1111,1,,
STR6,8/5/2024,13.1114,1,,
STR6,8/5/2024,13.1117,1,,
STR6,8/5/2024,13.1119,1,,
STR6,8/5/2024,13.1122,1,,
STR6,8/5/2024,13.1125,1,,
STR6,8/5/2024,13.1128,1,,
STR6,8/5/2024,13.1131,1,,
STR6,8/5/2024,13.1133,1,,
STR6,8/5/2024,13.1136,1,,
STR6,8/5/2024,13.1139,1,,
STR6,8/5/2024,13.1142,1,,
STR6,8/5/2024,13.1144,1,,
STR6,8/5/2024,13.1147,1,,
STR6,8/5/2024,13.1150,0,,
STR6,8/5/2024,13.1153,0,,
STR6,8/5/2024,13.1156,0,,
GG-0250,10/11/2024,12.5433,0,,
GG-0250,10/11/2024,12.5439,0,,
GG-0250,10/11/2024,12.5444,0,,
GG-0250,10/11/2024,12.5450,0,,
GG-0250,10/11/2024,12.5456,0,,
GG-0250,10/11/2024,12.5461,0,,
GG-0250,10/11/2024,12.5467,0,,
GG-0250,10/11/2024,12.5472,0,,
GG-0250,10/11/2024,12.5478,0,,
GG-0250,10/11/2024,12.5483,0,,
GG-0250,10/11/2024,12.5489,0,,
GG-0250,10/11/2024,12.5494,0,,
GG-0250,10/11/2024,12.5500,0,,
GG-0250,10/11/2024,12.5506,0,,
GG-0250,10/11/2024,12.5511,0,,
GG-0250,10/11/2024,12.5517,0,,
GG-0250,10/11/2024,12.5522,0,,
GG-0250,10/11/2024,12.5528,0,,
GG-0250,10/11/2024,12.5533,0,,
GG-0250,10/11/2024,12.5539,0,,
GG-0250,10/11/2024,12.5544,0,,
GG-0250,10/11/2024,12.5550,0,,
GG-0250,10/11/2024,12.5556,0,,
GG-0250,10/11/2024,12.5561,0,,
GG-0250,10/11/2024,12.5567,0,,
GG-0250,10/11/2024,12.5572,0,,
GG-0250,10/11/2024,12.5578,0,,
GG-0250,10/11/2024,12.5583,0,,
GG-0250,10/11/2024,12.5589,0,,
GG-0250,10/11/2024,12.5594,0,,
GG-0250,10/11/2024,12.5600,0,,
GG-0250,10/11/2024,12.5606,0,,
GG-0250,10/11/2024,12.5611,0,,
GG-0250,10/11/2024,12.5617,0,,
GG-0250,10/11/2024,12.5622,0,,
GG-0250,10/11/2024,12.5628,0,,
GG-0250,10/11/2024,12.5633,0,,
GG-0250,10/11/2024,12.5639,0,,
GG-0250,10/11/2024,12.5644,0,,
GG-0250,10/11/2024,12.5650,0,,
GG-0250,10/11/2024,12.5656,0,,
GG-0250,10/11/2024,12.5661,0,,
GG-0250,10/11/2024,12.5667,0,,
GG-0250,10/11/2024,12.5672,0,,
GG-0250,10/11/2024,12.5678,0,,
GG-0250,10/11/2024,12.5683,0,,
GG-0250,10/11/2024,12.5689,1,,
GG-0250,10/11/2024,12.5694,1,,
GG-0250,10/11/2024,12.5700,1,,
GG-0250,10/11/2024,12.5706,1,,
GG-0250,10/11/2024,12.5711,1,,
GG-0250,10/11/2024,12.5717,1,,
GG-0250,10/11/2024,12.5722,1,,
GG-0250,10/11/2024,12.5728,1,,
GG-0250,10/11/2024,12.5733,1,,
GG-0250,10/11/2024,12.5739,1,,
GG-0250,10/11/2024,12.5744,1,,
GG-0250,10/11/2024,12.5750,1,,
GG-0250,10/11/2024,12.5756,1,,
GG-0250,10/11/2024,12.5761,1,,
GG-0250,10/11/2024,12.5767,1,,
GG-0250,10/11/2024,12.5772,1,,
GG-0250,10/11/2024,12.5778,1,,
GG-0250,10/11/2024,12.5783,1,,
GG-0250,10/11/2024,12.5789,1,,
GG-0250,10/11/2024,12.5794,1,,
GG-0250,10/11/2024,12.5800,1,,
GG-0250,10/11/2024,12.5806,1,,
GG-0250,10/11/2024,12.5811,1,,
GG-0250,10/11/2024,12.5817,1,,
GG-0250,10/11/2024,12.5822,1,,
GG-0250,10/11/2024,12.5828,1,,
GG-0250,10/11/2024,12.5833,1,,
GG-0250,10/11/2024,12.5839,1,,
GG-0250,10/11/2024,12.5844,1,,
GG-0250,10/11/2024,12.5850,1,,
GG-0250,10/11/2024,12.5856,1,,
GG-0250,10/11/2024,12.5861,1,,
GG-0250,10/11/2024,12.5867,1,,
GG-0250,10/11/2024,12.5872,1,,
GG-0250,10/11/2024,12.5878,1,,
GG-0250,10/11/2024,12.5883,1,,
GG-0250,10/11/2024,12.5889,0,,
GG-0250,10/11/2024,12.5894,0,,
GG-0250,10/11/2024,12.5900,0,,
GG-0250,10/11/2024,12.5906,0,,
GG-0250,10/11/2024,12.5911,0,,
GG-0250,10/11/2024,12.5917,0,,
GG-0250,10/11/2024,12.5922,0,,
GG-0250,10/11/2024,12.5928,1,,
GG-0250,10/11/2024,12.5933,1,,
GG-0250,10/11/2024,12.5939,1,,
GG-0250,10/11/2024,12.5944,1,,
GG-0250,10/11/2024,12.5950,1,,
GG-0250,10/11/2024,12.5956,1,,
GG-0250,10/11/2024,12.5961,1,,
GG-0250,10/11/2024,12.5967,1,,
GG-0250,10/11/2024,12.5972,1,,
GG-0250,10/11/2024,12.5978,1,,
GG-0250,10/11/2024,12.5983,1,,
GG-0250,10/11/2024,12.5989,1,,
GG-0250,10/11/2024,12.5994,1,,
GG-0250,10/11/2024,12.6000,1,,
GG-0250,10/11/2024,12.6006,1,,
GG-0250,10/11/2024,12.6011,1,,
GG-0250,10/11/2024,12.6017,1,,
GG-0250,10/11/2024,12.6022,1,,
GG-0250,10/11/2024,12.6028,1,,
GG-0250,10/11/2024,12.6033,1,,
GG-0250,10/11/2024,12.6039,1,,
GG-0250,10/11/2024,12.6044,1,,
GG-0250,10/11/2024,12.6050,1,,
GG-0250,10/11/2024,12.6056,1,,
GG-0250,10/11/2024,12.6061,1,,
GG-0250,10/11/2024,12.6067,1,,
GG-0250,10/11/2024,12.6072,1,,
GG-0250,10/11/2024,12.6078,1,,
GG-0250,10/11/2024,12.6083,1,,
GG-0250,10/11/2024,12.6089,1,,
GG-0250,10/11/2024,12.6094,1,,
GG-0250,10/11/2024,12.6100,2,,
GG-0250,10/11/2024,12.6106,2,,
GG-0250,10/11/2024,12.6111,2,,
GG-0250,10/11/2024,12.6117,3,,
GG-0250,10/11/2024,12.6122,4,,
GG-0250,10/11/2024,12.6128,4,,
GG-0250,10/11/2024,12.6133,6,,
GG-0250,10/11/2024,12.6139,6,,
GG-0250,10/11/2024,12.6144,8,,
GG-0250,10/11/2024,12.6150,10,,
GG-0250,10/11/2024,12.6156,12,,
GG-0250,10/11/2024,12.6161,14,,
GG-0250,10/11/2024,12.6167,16,,
GG-0250,10/11/2024,12.6172,21,,
GG-0250,10/11/2024,12.6178,25,,
GG-0250,10/11/2024,12.6183,28,,
GG-0250,10/11/2024,12.6189,34,,
GG-0250,10/11/2024,12.6194,38,,
GG-0250,10/11/2024,12.6200,45,,
GG-0250,10/11/2024,12.6206,49,,
GG-0250,10/11/2024,12.6211,73,,
GG-0250,10/11/2024,12.6217,74,,
GG-0250,10/11/2024,12.6222,80,,
GG-0250,10/11/2024,12.6228,99,,
GG-0250,10/11/2024,12.6233,115,,
GG-0250,10/11/2024,12.6239,115,,
GG-0250,10/11/2024,12.6244,135,,
GG-0250,10/11/2024,12.6250,151,,
GG-0250,10/11/2024,12.6256,167,,
GG-0250,10/11/2024,12.6261,179,,
GG-0250,10/11/2024,12.6267,195,,
GG-0250,10/11/2024,12.6272,193,,
GG-0250,10/11/2024,12.6278,217,,
GG-0250,10/11/2024,12.6283,224,,
GG-0250,10/11/2024,12.6289,257,,
GG-0250,10/11/2024,12.6294,280,,
GG-0250,10/11/2024,12.6300,288,,
GG-0250,10/11/2024,12.6306,305,,
GG-0250,10/11/2024,12.6311,325,,
GG-0250,10/11/2024,12.6317,348,,
GG-0250,10/11/2024,12.6322,363,,
GG-0250,10/11/2024,12.6328,383,,
GG-0250,10/11/2024,12.6333,403,,
GG-0250,10/11/2024,12.6339,429,,
GG-0250,10/11/2024,12.6344,450,,
GG-0250,10/11/2024,12.6350,476,,
GG-0250,10/11/2024,12.6356,493,,
GG-0250,10/11/2024,12.6361,510,,
GG-0250,10/11/2024,12.6367,524,,
GG-0250,10/11/2024,12.6372,531,,
GG-0250,10/11/2024,12.6378,572,,
GG-0250,10/11/2024,12.6383,594,,
GG-0250,10/11/2024,12.6389,624,,
GG-0250,10/11/2024,12.6394,626,,
GG-0250,10/11/2024,12.6400,666,,
GG-0250,10/11/2024,12.6406,672,,
GG-0250,10/11/2024,12.6411,707,,
GG-0250,10/11/2024,12.6417,722,,
GG-0250,10/11/2024,12.6422,750,,
GG-0250,10/11/2024,12.6428,744,,
GG-0250,10/11/2024,12.6433,814,,
GG-0250,10/11/2024,12.6439,812,,
GG-0250,10/11/2024,12.6444,847,,
GG-0250,10/11/2024,12.6450,871,,
GG-0250,10/11/2024,12.6456,897,,
GG-0250,10/11/2024,12.6461,924,,
GG-0250,10/11/2024,12.6467,928,,
GG-0250,10/11/2024,12.6472,959,,
GG-0250,10/11/2024,12.6478,991,,
GG-0250,10/11/2024,12.6483,1009,,
GG-0250,10/11/2024,12.6489,1028,,
GG-0250,10/11/2024,12.6494,1029,,
GG-0250,10/11/2024,12.6500,1044,,
GG-0250,10/11/2024,12.6506,1091,,
GG-0250,10/11/2024,12.6511,1090,,
GG-0250,10/11/2024,12.6517,1125,,
GG-0250,10/11/2024,12.6522,1128,,
GG-0250,10/11/2024,12.6528,1120,,
GG-0250,10/11/2024,12.6533,1165,,
GG-0250,10/11/2024,12.6539,1168,,
GG-0250,10/11/2024,12.6544,1196,,
GG-0250,10/11/2024,12.6550,1208,,
GG-0250,10/11/2024,12.6556,1207,,
GG-0250,10/11/2024,12.6561,1214,,
GG-0250,10/11/2024,12.6567,1235,,
GG-0250,10/11/2024,12.6572,1235,,
GG-0250,10/11/2024,12.6578,1230,,
GG-0250,10/11/2024,12.6583,1258,,
GG-0250,10/11/2024,12.6589,1268,,
GG-0250,10/11/2024,12.6594,1267,,
GG-0250,10/11/2024,12.6600,1274,,
GG-0250,10/11/2024,12.6606,1275,,
GG-0250,10/11/2024,12.6611,1279,,
GG-0250,10/11/2024,12.6617,1280,,
GG-0250,10/11/2024,12.6622,1284,,
GG-0250,10/11/2024,12.6628,1286,,
GG-0250,10/11/2024,12.6633,1288,,
GG-0250,10/11/2024,12.6639,1290,,
GG-0250,10/11/2024,12.6644,1291,,
GG-0250,10/11/2024,12.6650,1291,,
GG-0250,10/11/2024,12.6656,1291,,
GG-0250,10/11/2024,12.6661,1291,,
GG-0250,10/11/2024,12.6667,1290,,
GG-0250,10/11/2024,12.6672,1286,,
GG-0250,10/11/2024,12.6678,1281,,
GG-0250,10/11/2024,12.6683,1279,,
GG-0250,10/11/2024,12.6689,1275,,
GG-0250,10/11/2024,12.6694,1272,,
GG-0250,10/11/2024,12.6700,1267,,
GG-0250,10/11/2024,12.6706,1263,,
GG-0250,10/11/2024,12.6711,1255,,
GG-0250,10/11/2024,12.6717,1252,,
GG-0250,10/11/2024,12.6722,1245,,
GG-0250,10/11/2024,12.6728,1240,,
GG-0250,10/11/2024,12.6733,1221,,
GG-0250,10/11/2024,12.6739,1218,,
GG-0250,10/11/2024,12.6744,1210,,
GG-0250,10/11/2024,12.6750,1205,,
GG-0250,10/11/2024,12.6756,1179,,
GG-0250,10/11/2024,12.6761,1179,,
GG-0250,10/11/2024,12.6767,1160,,
GG-0250,10/11/2024,12.6772,1156,,
GG-0250,10/11/2024,12.6778,1152,,
GG-0250,10/11/2024,12.6783,1148,,
GG-0250,10/11/2024,12.6789,1126,,
GG-0250,10/11/2024,12.6794,1113,,
GG-0250,10/11/2024,12.6800,1095,,
GG-0250,10/11/2024,12.6806,1089,,
GG-0250,10/11/2024,12.6811,1078,,
GG-0250,10/11/2024,12.6817,1079,,
GG-0250,10/11/2024,12.6822,1058,,
GG-0250,10/11/2024,12.6828,1057,,
GG-0250,10/11/2024,12.6833,1056,,
GG-0250,10/11/2024,12.6839,1032,,
GG-0250,10/11/2024,12.6844,1032,,
GG-0250,10/11/2024,12.6850,1009,,
GG-0250,10/11/2024,12.6856,1003,,
GG-0250,10/11/2024,12.6861,990,,
GG-0250,10/11/2024,12.6867,975,,
GG-0250,10/11/2024,12.6872,968,,
GG-0250,10/11/2024,12.6878,958,,
GG-0250,10/11/2024,12.6883,948,,
GG-0250,10/11/2024,12.6889,940,,
GG-0250,10/11/2024,12.6894,921,,
GG-0250,10/11/2024,12.6900,911,,
GG-0250,10/11/2024,12.6906,908,,
GG-0250,10/11/2024,12.6911,891,,
GG-0250,10/11/2024,12.6917,889,,
GG-0250,10/11/2024,12.6922,864,,
GG-0250,10/11/2024,12.6928,858,,
GG-0250,10/11/2024,12.6933,849,,
GG-0250,10/11/2024,12.6939,839,,
GG-0250,10/11/2024,12.6944,828,,
GG-0250,10/11/2024,12.6950,837,,
GG-0250,10/11/2024,12.6956,811,,
GG-0250,10/11/2024,12.6961,811,,
GG-0250,10/11/2024,12.6967,805,,
GG-0250,10/11/2024,12.6972,802,,
GG-0250,10/11/2024,12.6978,771,,
GG-0250,10/11/2024,12.6983,775,,
GG-0250,10/11/2024,12.6989,754,,
GG-0250,10/11/2024,12.6994,761,,
GG-0250,10/11/2024,12.7000,756,,
GG-0250,10/11/2024,12.7006,727,,
GG-0250,10/11/2024,12.7011,726,,
GG-0250,10/11/2024,12.7017,703,,
GG-0250,10/11/2024,12.7022,701,,
GG-0250,10/11/2024,12.7028,699,,
GG-0250,10/11/2024,12.7033,684,,
GG-0250,10/11/2024,12.7039,667,,
GG-0250,10/11/2024,12.7044,663,,
GG-0250,10/11/2024,12.7050,655,,
GG-0250,10/11/2024,12.7056,652,,
GG-0250,10/11/2024,12.7061,631,,
GG-0250,10/11/2024,12.7067,625,,
GG-0250,10/11/2024,12.7072,624,,
GG-0250,10/11/2024,12.7078,607,,
GG-0250,10/11/2024,12.7083,608,,
GG-0250,10/11/2024,12.7089,588,,
GG-0250,10/11/2024,12.7094,589,,
GG-0250,10/11/2024,12.7100,587,,
GG-0250,10/11/2024,12.7106,568,,
GG-0250,10/11/2024,12.7111,568,,
GG-0250,10/11/2024,12.7117,557,,
GG-0250,10/11/2024,12.7122,555,,
GG-0250,10/11/2024,12.7128,543,,
GG-0250,10/11/2024,12.7133,540,,
GG-0250,10/11/2024,12.7139,537,,
GG-0250,10/11/2024,12.7144,533,,
GG-0250,10/11/2024,12.7150,529,,
GG-0250,10/11/2024,12.7156,505,,
GG-0250,10/11/2024,12.7161,502,,
GG-0250,10/11/2024,12.7167,500,,
GG-0250,10/11/2024,12.7172,496,,
GG-0250,10/11/2024,12.7178,492,,
GG-0250,10/11/2024,12.7183,488,,
GG-0250,10/11/2024,12.7189,481,,
GG-0250,10/11/2024,12.7194,462,,
GG-0250,10/11/2024,12.7200,460,,
GG-0250,10/11/2024,12.7206,458,,
GG-0250,10/11/2024,12.7211,454,,
GG-0250,10/11/2024,12.7217,452,,
GG-0250,10/11/2024,12.7222,449,,
GG-0250,10/11/2024,12.7228,446,,
GG-0250,10/11/2024,12.7233,438,,
GG-0250,10/11/2024,12.7239,435,,
GG-0250,10/11/2024,12.7244,429,,
GG-0250,10/11/2024,12.7250,414,,
GG-0250,10/11/2024,12.7256,410,,
GG-0250,10/11/2024,12.7261,410,,
GG-0250,10/11/2024,12.7267,406,,
GG-0250,10/11/2024,12.7272,401,,
GG-0250,10/11/2024,12.7278,395,,
GG-0250,10/11/2024,12.7283,393,,
GG-0250,10/11/2024,12.7289,387,,
GG-0250,10/11/2024,12.7294,383,,
GG-0250,10/11/2024,12.7300,376,,
GG-0250,10/11/2024,12.7306,373,,
GG-0250,10/11/2024,12.7311,368,,
GG-0250,10/11/2024,12.7317,365,,
GG-0250,10/11/2024,12.7322,360,,
GG-0250,10/11/2024,12.7328,358,,
GG-0250,10/11/2024,12.7333,354,,
GG-0250,10/11/2024,12.7339,349,,
GG-0250,10/11/2024,12.7344,344,,
GG-0250,10/11/2024,12.7350,341,,
GG-0250,10/11/2024,12.7356,335,,
GG-0250,10/11/2024,12.7361,330,,
GG-0250,10/11/2024,12.7367,323,,
GG-0250,10/11/2024,12.7372,320,,
GG-0250,10/11/2024,12.7378,316,,
GG-0250,10/11/2024,12.7383,314,,
GG-0250,10/11/2024,12.7389,311,,
GG-0250,10/11/2024,12.7394,308,,
GG-0250,10/11/2024,12.7400,303,,
GG-0250,10/11/2024,12.7406,299,,
GG-0250,10/11/2024,12.7411,294,,
GG-0250,10/11/2024,12.7417,290,,
GG-0250,10/11/2024,12.7422,288,,
GG-0250,10/11/2024,12.7428,286,,
GG-0250,10/11/2024,12.7433,281,,
GG-0250,10/11/2024,12.7439,278,,
GG-0250,10/11/2024,12.7444,275,,
GG-0250,10/11/2024,12.7450,273,,
GG-0250,10/11/2024,12.7456,268,,
GG-0250,10/11/2024,12.7461,265,,
GG-0250,10/11/2024,12.7467,261,,
GG-0250,10/11/2024,12.7472,258,,
GG-0250,10/11/2024,12.7478,255,,
GG-0250,10/11/2024,12.7483,253,,
GG-0250,10/11/2024,12.7489,249,,
GG-0250,10/11/2024,12.7494,247,,
GG-0250,10/11/2024,12.7500,245,,
GG-0250,10/11/2024,12.7506,241,,
GG-0250,10/11/2024,12.7511,237,,
GG-0250,10/11/2024,12.7517,235,,
GG-0250,10/11/2024,12.7522,231,,
GG-0250,10/11/2024,12.7528,229,,
GG-0250,10/11/2024,12.7533,224,,
GG-0250,10/11/2024,12.7539,223,,
GG-0250,10/11/2024,12.7544,218,,
GG-0250,10/11/2024,12.7550,216,,
GG-0250,10/11/2024,12.7556,213,,
GG-0250,10/11/2024,12.7561,211,,
GG-0250,10/11/2024,12.7567,209,,
GG-0250,10/11/2024,12.7572,207,,
GG-0250,10/11/2024,12.7578,204,,
GG-0250,10/11/2024,12.7583,202,,
GG-0250,10/11/2024,12.7589,200,,
GG-0250,10/11/2024,12.7594,198,,
GG-0250,10/11/2024,12.7600,195,,
GG-0250,10/11/2024,12.7606,193,,
GG-0250,10/11/2024,12.7611,191,,
GG-0250,10/11/2024,12.7617,190,,
GG-0250,10/11/2024,12.7622,187,,
GG-0250,10/11/2024,12.7628,185,,
GG-0250,10/11/2024,12.7633,183,,
GG-0250,10/11/2024,12.7639,181,,
GG-0250,10/11/2024,12.7644,178,,
GG-0250,10/11/2024,12.7650,177,,
GG-0250,10/11/2024,12.7656,174,,
GG-0250,10/11/2024,12.7661,172,,
GG-0250,10/11/2024,12.7667,171,,
GG-0250,10/11/2024,12.7672,169,,
GG-0250,10/11/2024,12.7678,167,,
GG-0250,10/11/2024,12.7683,165,,
GG-0250,10/11/2024,12.7689,163,,
GG-0250,10/11/2024,12.7694,162,,
GG-0250,10/11/2024,12.7700,160,,
GG-0250,10/11/2024,12.7706,159,,
GG-0250,10/11/2024,12.7711,157,,
GG-0250,10/11/2024,12.7717,155,,
GG-0250,10/11/2024,12.7722,153,,
GG-0250,10/11/2024,12.7728,152,,
GG-0250,10/11/2024,12.7733,150,,
GG-0250,10/11/2024,12.7739,149,,
GG-0250,10/11/2024,12.7744,147,,
GG-0250,10/11/2024,12.7750,146,,
GG-0250,10/11/2024,12.7756,144,,
GG-0250,10/11/2024,12.7761,143,,
GG-0250,10/11/2024,12.7767,141,,
GG-0250,10/11/2024,12.7772,140,,
GG-0250,10/11/2024,12.7778,139,,
GG-0250,10/11/2024,12.7783,138,,
GG-0250,10/11/2024,12.7789,136,,
GG-0250,10/11/2024,12.7794,135,,
GG-0250,10/11/2024,12.7800,133,,
GG-0250,10/11/2024,12.7806,132,,
GG-0250,10/11/2024,12.7811,130,,
GG-0250,10/11/2024,12.7817,129,,
GG-0250,10/11/2024,12.7822,128,,
GG-0250,10/11/2024,12.7828,127,,
GG-0250,10/11/2024,12.7833,126,,
GG-0250,10/11/2024,12.7839,124,,
GG-0250,10/11/2024,12.7844,123,,
GG-0250,10/11/2024,12.7850,122,,
GG-0250,10/11/2024,12.7856,121,,
GG-0250,10/11/2024,12.7861,119,,
GG-0250,10/11/2024,12.7867,118,,
GG-0250,10/11/2024,12.7872,118,,
GG-0250,10/11/2024,12.7878,116,,
GG-0250,10/11/2024,12.7883,115,,
GG-0250,10/11/2024,12.7889,114,,
GG-0250,10/11/2024,12.7894,113,,
GG-0250,10/11/2024,12.7900,112,,
GG-0250,10/11/2024,12.7906,111,,
GG-0250,10/11/2024,12.7911,110,,
GG-0250,10/11/2024,12.7917,109,,
GG-0250,10/11/2024,12.7922,108,,
GG-0250,10/11/2024,12.7928,107,,
GG-0250,10/11/2024,12.7933,106,,
GG-0250,10/11/2024,12.7939,105,,
GG-0250,10/11/2024,12.7944,103,,
GG-0250,10/11/2024,12.7950,102,,
GG-0250,10/11/2024,12.7956,101,,
GG-0250,10/11/2024,12.7961,101,,
GG-0250,10/11/2024,12.7967,100,,
GG-0250,10/11/2024,12.7972,99,,
GG-0250,10/11/2024,12.7978,98,,
GG-0250,10/11/2024,12.7983,97,,
GG-0250,10/11/2024,12.7989,96,,
GG-0250,10/11/2024,12.7994,96,,
GG-0250,10/11/2024,12.8000,95,,
GG-0250,10/11/2024,12.8006,94,,
GG-0250,10/11/2024,12.8011,93,,
GG-0250,10/11/2024,12.8017,93,,
GG-0250,10/11/2024,12.8022,91,,
GG-0250,10/11/2024,12.8028,91,,
GG-0250,10/11/2024,12.8033,89,,
GG-0250,10/11/2024,12.8039,89,,
GG-0250,10/11/2024,12.8044,88,,
GG-0250,10/11/2024,12.8050,88,,
GG-0250,10/11/2024,12.8056,87,,
GG-0250,10/11/2024,12.8061,87,,
GG-0250,10/11/2024,12.8067,86,,
GG-0250,10/11/2024,12.8072,85,,
GG-0250,10/11/2024,12.8078,84,,
GG-0250,10/11/2024,12.8083,84,,
GG-0250,10/11/2024,12.8089,83,,
GG-0250,10/11/2024,12.8094,82,,
GG-0250,10/11/2024,12.8100,82,,
GG-0250,10/11/2024,12.8106,81,,
GG-0250,10/11/2024,12.8111,80,,
GG-0250,10/11/2024,12.8117,80,,
GG-0250,10/11/2024,12.8122,79,,
GG-0250,10/11/2024,12.8128,78,,
GG-0250,10/11/2024,12.8133,78,,
GG-0250,10/11/2024,12.8139,77,,
GG-0250,10/11/2024,12.8144,77,,
GG-0250,10/11/2024,12.8150,76,,
GG-0250,10/11/2024,12.8156,76,,
GG-0250,10/11/2024,12.8161,75,,
GG-0250,10/11/2024,12.8167,75,,
GG-0250,10/11/2024,12.8172,74,,
GG-0250,10/11/2024,12.8178,73,,
GG-0250,10/11/2024,12.8183,73,,
GG-0250,10/11/2024,12.8189,72,,
GG-0250,10/11/2024,12.8194,72,,
GG-0250,10/11/2024,12.8200,71,,
GG-0250,10/11/2024,12.8206,70,,
GG-0250,10/11/2024,12.8211,69,,
GG-0250,10/11/2024,12.8217,69,,
GG-0250,10/11/2024,12.8222,68,,
GG-0250,10/11/2024,12.8228,68,,
GG-0250,10/11/2024,12.8233,67,,
GG-0250,10/11/2024,12.8239,67,,
GG-0250,10/11/2024,12.8244,67,,
GG-0250,10/11/2024,12.8250,66,,
GG-0250,10/11/2024,12.8256,66,,
GG-0250,10/11/2024,12.8261,65,,
GG-0250,10/11/2024,12.8267,65,,
GG-0250,10/11/2024,12.8272,64,,
GG-0250,10/11/2024,12.8278,64,,
GG-0250,10/11/2024,12.8283,63,,
GG-0250,10/11/2024,12.8289,63,,
GG-0250,10/11/2024,12.8294,63,,
GG-0250,10/11/2024,12.8300,62,,
GG-0250,10/11/2024,12.8306,62,,
GG-0250,10/11/2024,12.8311,61,,
GG-0250,10/11/2024,12.8317,61,,
GG-0250,10/11/2024,12.8322,61,,
GG-0250,10/11/2024,12.8328,60,,
GG-0250,10/11/2024,12.8333,60,,
GG-0250,10/11/2024,12.8339,59,,
GG-0250,10/11/2024,12.8344,59,,
GG-0250,10/11/2024,12.8350,58,,
GG-0250,10/11/2024,12.8356,57,,
GG-0250,10/11/2024,12.8361,57,,
GG-0250,10/11/2024,12.8367,56,,
GG-0250,10/11/2024,12.8372,56,,
GG-0250,10/11/2024,12.8378,55,,
GG-0250,10/11/2024,12.8383,55,,
GG-0250,10/11/2024,12.8389,54,,
GG-0250,10/11/2024,12.8394,54,,
GG-0250,10/11/2024,12.8400,54,,
GG-0250,10/11/2024,12.8406,54,,
GG-0250,10/11/2024,12.8411,53,,
GG-0250,10/11/2024,12.8417,53,,
GG-0250,10/11/2024,12.8422,53,,
GG-0250,10/11/2024,12.8428,52,,
GG-0250,10/11/2024,12.8433,52,,
GG-0250,10/11/2024,12.8439,52,,
GG-0250,10/11/2024,12.8444,51,,
GG-0250,10/11/2024,12.8450,51,,
GG-0250,10/11/2024,12.8456,51,,
GG-0250,10/11/2024,12.8461,50,,
GG-0250,10/11/2024,12.8467,50,,
GG-0250,10/11/2024,12.8472,50,,
GG-0250,10/11/2024,12.8478,49,,
GG-0250,10/11/2024,12.8483,49,,
GG-0250,10/11/2024,12.8489,49,,
GG-0250,10/11/2024,12.8494,49,,
GG-0250,10/11/2024,12.8500,48,,
GG-0250,10/11/2024,12.8506,48,,
GG-0250,10/11/2024,12.8511,48,,
GG-0250,10/11/2024,12.8517,47,,
GG-0250,10/11/2024,12.8522,47,,
GG-0250,10/11/2024,12.8528,47,,
GG-0250,10/11/2024,12.8533,47,,
GG-0250,10/11/2024,12.8539,46,,
GG-0250,10/11/2024,12.8544,46,,
GG-0250,10/11/2024,12.8550,45,,
GG-0250,10/11/2024,12.8556,45,,
GG-0250,10/11/2024,12.8561,45,,
GG-0250,10/11/2024,12.8567,45,,
GG-0250,10/11/2024,12.8572,45,,
GG-0250,10/11/2024,12.8578,44,,
GG-0250,10/11/2024,12.8583,44,,
GG-0250,10/11/2024,12.8589,44,,
GG-0250,10/11/2024,12.8594,43,,
GG-0250,10/11/2024,12.8600,43,,
GG-0250,10/11/2024,12.8606,43,,
GG-0250,10/11/2024,12.8611,43,,
GG-0250,10/11/2024,12.8617,42,,
GG-0250,10/11/2024,12.8622,42,,
GG-0250,10/11/2024,12.8628,42,,
GG-0250,10/11/2024,12.8633,41,,
GG-0250,10/11/2024,12.8639,41,,
GG-0250,10/11/2024,12.8644,41,,
GG-0250,10/11/2024,12.8650,41,,
GG-0250,10/11/2024,12.8656,41,,
GG-0250,10/11/2024,12.8661,40,,
GG-0250,10/11/2024,12.8667,40,,
GG-0250,10/11/2024,12.8672,40,,
GG-0250,10/11/2024,12.8678,40,,
GG-0250,10/11/2024,12.8683,39,,
GG-0250,10/11/2024,12.8689,39,,
GG-0250,10/11/2024,12.8694,39,,
GG-0250,10/11/2024,12.8700,39,,
GG-0250,10/11/2024,12.8706,39,,
GG-0250,10/11/2024,12.8711,39,,
GG-0250,10/11/2024,12.8717,39,,
GG-0250,10/11/2024,12.8722,38,,
GG-0250,10/11/2024,12.8728,38,,
GG-0250,10/11/2024,12.8733,38,,
GG-0250,10/11/2024,12.8739,37,,
GG-0250,10/11/2024,12.8744,37,,
GG-0250,10/11/2024,12.8750,37,,
GG-0250,10/11/2024,12.8756,37,,
GG-0250,10/11/2024,12.8761,37,,
GG-0250,10/11/2024,12.8767,36,,
GG-0250,10/11/2024,12.8772,35,,
GG-0250,10/11/2024,12.8778,35,,
GG-0250,10/11/2024,12.8783,35,,
GG-0250,10/11/2024,12.8789,35,,
GG-0250,10/11/2024,12.8794,35,,
GG-0250,10/11/2024,12.8800,35,,
GG-0250,10/11/2024,12.8806,35,,
GG-0250,10/11/2024,12.8811,34,,
GG-0250,10/11/2024,12.8817,34,,
GG-0250,10/11/2024,12.8822,34,,
GG-0250,10/11/2024,12.8828,34,,
GG-0250,10/11/2024,12.8833,34,,
GG-0250,10/11/2024,12.8839,33,,
GG-0250,10/11/2024,12.8844,33,,
GG-0250,10/11/2024,12.8850,33,,
GG-0250,10/11/2024,12.8856,33,,
GG-0250,10/11/2024,12.8861,33,,
GG-0250,10/11/2024,12.8867,32,,
GG-0250,10/11/2024,12.8872,32,,
GG-0250,10/11/2024,12.8878,32,,
GG-0250,10/11/2024,12.8883,32,,
GG-0250,10/11/2024,12.8889,32,,
GG-0250,10/11/2024,12.8894,32,,
GG-0250,10/11/2024,12.8900,32,,
GG-0250,10/11/2024,12.8906,31,,
GG-0250,10/11/2024,12.8911,31,,
GG-0250,10/11/2024,12.8917,31,,
GG-0250,10/11/2024,12.8922,31,,
GG-0250,10/11/2024,12.8928,31,,
GG-0250,10/11/2024,12.8933,30,,
GG-0250,10/11/2024,12.8939,30,,
GG-0250,10/11/2024,12.8944,30,,
GG-0250,10/11/2024,12.8950,30,,
GG-0250,10/11/2024,12.8956,30,,
GG-0250,10/11/2024,12.8961,30,,
GG-0250,10/11/2024,12.8967,30,,
GG-0250,10/11/2024,12.8972,29,,
GG-0250,10/11/2024,12.8978,29,,
GG-0250,10/11/2024,12.8983,29,,
GG-0250,10/11/2024,12.8989,29,,
GG-0250,10/11/2024,12.8994,29,,
GG-0250,10/11/2024,12.9000,29,,
GG-0250,10/11/2024,12.9006,29,,
GG-0250,10/11/2024,12.9011,28,,
GG-0250,10/11/2024,12.9017,28,,
GG-0250,10/11/2024,12.9022,28,,
GG-0250,10/11/2024,12.9028,28,,
GG-0250,10/11/2024,12.9033,28,,
GG-0250,10/11/2024,12.9039,28,,
GG-0250,10/11/2024,12.9044,28,,
GG-0250,10/11/2024,12.9050,28,,
GG-0250,10/11/2024,12.9056,28,,
GG-0250,10/11/2024,12.9061,27,,
GG-0250,10/11/2024,12.9067,27,,
GG-0250,10/11/2024,12.9072,27,,
GG-0250,10/11/2024,12.9078,27,,
GG-0250,10/11/2024,12.9083,27,,
GG-0250,10/11/2024,12.9089,27,,
GG-0250,10/11/2024,12.9094,26,,
GG-0250,10/11/2024,12.9100,26,,
GG-0250,10/11/2024,12.9106,26,,
GG-0250,10/11/2024,12.9111,26,,
GG-0250,10/11/2024,12.9117,26,,
GG-0250,10/11/2024,12.9122,26,,
GG-0250,10/11/2024,12.9128,26,,
GG-0250,10/11/2024,12.9133,26,,
GG-0250,10/11/2024,12.9139,26,,
GG-0250,10/11/2024,12.9144,26,,
GG-0250,10/11/2024,12.9150,26,,
GG-0250,10/11/2024,12.9156,26,,
GG-0250,10/11/2024,12.9161,25,,
GG-0250,10/11/2024,12.9167,25,,
GG-0250,10/11/2024,12.9172,25,,
GG-0250,10/11/2024,12.9178,24,,
GG-0250,10/11/2024,12.9183,24,,
GG-0250,10/11/2024,12.9189,24,,
GG-0250,10/11/2024,12.9194,24,,
GG-0250,10/11/2024,12.9200,24,,
GG-0250,10/11/2024,12.9206,24,,
GG-0250,10/11/2024,12.9211,24,,
GG-0250,10/11/2024,12.9217,23,,
GG-0250,10/11/2024,12.9222,23,,
GG-0250,10/11/2024,12.9228,23,,
GG-0250,10/11/2024,12.9233,23,,
GG-0250,10/11/2024,12.9239,23,,
GG-0250,10/11/2024,12.9244,23,,
GG-0250,10/11/2024,12.9250,23,,
GG-0250,10/11/2024,12.9256,23,,
GG-0250,10/11/2024,12.9261,23,,
GG-0250,10/11/2024,12.9267,22,,
GG-0250,10/11/2024,12.9272,22,,
GG-0250,10/11/2024,12.9278,22,,
GG-0250,10/11/2024,12.9283,22,,
GG-0250,10/11/2024,12.9289,22,,
GG-0250,10/11/2024,12.9294,22,,
GG-0250,10/11/2024,12.9300,22,,
GG-0250,10/11/2024,12.9306,22,,
GG-0250,10/11/2024,12.9311,22,,
GG-0250,10/11/2024,12.9317,22,,
GG-0250,10/11/2024,12.9322,21,,
GG-0250,10/11/2024,12.9328,21,,
GG-0250,10/11/2024,12.9333,21,,
GG-0250,10/11/2024,12.9339,21,,
GG-0250,10/11/2024,12.9344,21,,
GG-0250,10/11/2024,12.9350,21,,
GG-0250,10/11/2024,12.9356,21,,
GG-0250,10/11/2024,12.9361,21,,
GG-0250,10/11/2024,12.9367,21,,
GG-0250,10/11/2024,12.9372,21,,
GG-0250,10/11/2024,12.9378,21,,
GG-0250,10/11/2024,12.9383,21,,
GG-0250,10/11/2024,12.9389,21,,
GG-0250,10/11/2024,12.9394,20,,
GG-0250,10/11/2024,12.9400,20,,
GG-0250,10/11/2024,12.9406,20,,
GG-0250,10/11/2024,12.9411,20,,
GG-0250,10/11/2024,12.9417,20,,
GG-0250,10/11/2024,12.9422,20,,
GG-0250,10/11/2024,12.9428,20,,
GG-0250,10/11/2024,12.9433,20,,
GG-0250,10/11/2024,12.9439,20,,
GG-0250,10/11/2024,12.9444,20,,
GG-0250,10/11/2024,12.9450,20,,
GG-0250,10/11/2024,12.9456,20,,
GG-0250,10/11/2024,12.9461,19,,
GG-0250,10/11/2024,12.9467,19,,
GG-0250,10/11/2024,12.9472,19,,
GG-0250,10/11/2024,12.9478,19,,
GG-0250,10/11/2024,12.9483,19,,
GG-0250,10/11/2024,12.9489,19,,
GG-0250,10/11/2024,12.9494,19,,
GG-0250,10/11/2024,12.9500,19,,
GG-0250,10/11/2024,12.9506,19,,
GG-0250,10/11/2024,12.9511,19,,
GG-0250,10/11/2024,12.9517,19,,
GG-0250,10/11/2024,12.9522,19,,
GG-0250,10/11/2024,12.9528,19,,
GG-0250,10/11/2024,12.9533,19,,
GG-0250,10/11/2024,12.9539,19,,
GG-0250,10/11/2024,12.9544,19,,
GG-0250,10/11/2024,12.9550,18,,
GG-0250,10/11/2024,12.9556,18,,
GG-0250,10/11/2024,12.9561,18,,
GG-0250,10/11/2024,12.9567,18,,
GG-0250,10/11/2024,12.9572,18,,
GG-0250,10/11/2024,12.9578,18,,
GG-0250,10/11/2024,12.9583,18,,
GG-0250,10/11/2024,12.9589,17,,
GG-0250,10/11/2024,12.9594,17,,
GG-0250,10/11/2024,12.9600,17,,
GG-0250,10/11/2024,12.9606,17,,
GG-0250,10/11/2024,12.9611,17,,
GG-0250,10/11/2024,12.9617,17,,
GG-0250,10/11/2024,12.9622,16,,
GG-0250,10/11/2024,12.9628,16,,
GG-0250,10/11/2024,12.9633,16,,
GG-0250,10/11/2024,12.9639,16,,
GG-0250,10/11/2024,12.9644,16,,
GG-0250,10/11/2024,12.9650,16,,
GG-0250,10/11/2024,12.9656,16,,
GG-0250,10/11/2024,12.9661,16,,
GG-0250,10/11/2024,12.9667,16,,
GG-0250,10/11/2024,12.9672,16,,
GG-0250,10/11/2024,12.9678,16,,
GG-0250,10/11/2024,12.9683,16,,
GG-0250,10/11/2024,12.9689,16,,
GG-0250,10/11/2024,12.9694,16,,
GG-0250,10/11/2024,12.9700,16,,
GG-0250,10/11/2024,12.9706,16,,
GG-0250,10/11/2024,12.9711,16,,
GG-0250,10/11/2024,12.9717,16,,
GG-0250,10/11/2024,12.9722,16,,
GG-0250,10/11/2024,12.9728,16,,
GG-0250,10/11/2024,12.9733,16,,
GG-0250,10/11/2024,12.9739,15,,
GG-0250,10/11/2024,12.9744,15,,
GG-0250,10/11/2024,12.9750,15,,
GG-0250,10/11/2024,12.9756,15,,
GG-0250,10/11/2024,12.9761,15,,
GG-0250,10/11/2024,12.9767,15,,
GG-0250,10/11/2024,12.9772,15,,
GG-0250,10/11/2024,12.9778,15,,
GG-0250,10/11/2024,12.9783,15,,
GG-0250,10/11/2024,12.9789,15,,
GG-0250,10/11/2024,12.9794,15,,
GG-0250,10/11/2024,12.9800,15,,
GG-0250,10/11/2024,12.9806,15,,
GG-0250,10/11/2024,12.9811,15,,
GG-0250,10/11/2024,12.9817,15,,
GG-0250,10/11/2024,12.9822,15,,
GG-0250,10/11/2024,12.9828,15,,
GG-0250,10/11/2024,12.9833,14,,
GG-0250,10/11/2024,12.9839,15,,
GG-0250,10/11/2024,12.9844,14,,
GG-0250,10/11/2024,12.9850,14,,
GG-0250,10/11/2024,12.9856,14,,
GG-0250,10/11/2024,12.9861,14,,
GG-0250,10/11/2024,12.9867,14,,
GG-0250,10/11/2024,12.9872,14,,
GG-0250,10/11/2024,12.9878,14,,
GG-0250,10/11/2024,12.9883,14,,
GG-0250,10/11/2024,12.9889,14,,
GG-0250,10/11/2024,12.9894,14,,
GG-0250,10/11/2024,12.9900,14,,
GG-0250,10/11/2024,12.9906,14,,
GG-0250,10/11/2024,12.9911,14,,
GG-0250,10/11/2024,12.9917,14,,
GG-0250,10/11/2024,12.9922,14,,
GG-0250,10/11/2024,12.9928,14,,
GG-0250,10/11/2024,12.9933,14,,
GG-0250,10/11/2024,12.9939,13,,
GG-0250,10/11/2024,12.9944,13,,
GG-0250,10/11/2024,12.9950,13,,
GG-0250,10/11/2024,12.9956,13,,
GG-0250,10/11/2024,12.9961,13,,
GG-0250,10/11/2024,12.9967,13,,
GG-0250,10/11/2024,12.9972,13,,
GG-0250,10/11/2024,12.9978,13,,
GG-0250,10/11/2024,12.9983,13,,
GG-0250,10/11/2024,12.9989,13,,
GG-0250,10/11/2024,12.9994,13,,
GG-0250,10/11/2024,13.0000,12,,
GG-0250,10/11/2024,13.0006,12,,
GG-0250,10/11/2024,13.0011,12,,
GG-0250,10/11/2024,13.0017,12,,
GG-0250,10/11/2024,13.0022,12,,
GG-0250,10/11/2024,13.0028,12,,
GG-0250,10/11/2024,13.0033,12,,
GG-0250,10/11/2024,13.0039,12,,
GG-0250,10/11/2024,13.0044,12,,
GG-0250,10/11/2024,13.0050,12,,
GG-0250,10/11/2024,13.0056,12,,
GG-0250,10/11/2024,13.0061,12,,
GG-0250,10/11/2024,13.0067,12,,
GG-0250,10/11/2024,13.0072,12,,
GG-0250,10/11/2024,13.0078,12,,
GG-0250,10/11/2024,13.0083,11,,
GG-0250,10/11/2024,13.0089,11,,
GG-0250,10/11/2024,13.0094,11,,
GG-0250,10/11/2024,13.0100,11,,
GG-0250,10/11/2024,13.0106,11,,
GG-0250,10/11/2024,13.0111,11,,
GG-0250,10/11/2024,13.0117,11,,
GG-0250,10/11/2024,13.0122,11,,
GG-0250,10/11/2024,13.0128,11,,
GG-0250,10/11/2024,13.0133,11,,
GG-0250,10/11/2024,13.0139,11,,
GG-0250,10/11/2024,13.0144,11,,
GG-0250,10/11/2024,13.0150,11,,
GG-0250,10/11/2024,13.0156,11,,
GG-0250,10/11/2024,13.0161,11,,
GG-0250,10/11/2024,13.0167,11,,
GG-0250,10/11/2024,13.0172,11,,
GG-0250,10/11/2024,13.0178,11,,
GG-0250,10/11/2024,13.0183,11,,
GG-0250,10/11/2024,13.0189,11,,
GG-0250,10/11/2024,13.0194,11,,
GG-0250,10/11/2024,13.0200,11,,
GG-0250,10/11/2024,13.0206,11,,
GG-0250,10/11/2024,13.0211,11,,
GG-0250,10/11/2024,13.0217,11,,
GG-0250,10/11/2024,13.0222,11,,
GG-0250,10/11/2024,13.0228,11,,
GG-0250,10/11/2024,13.0233,11,,
GG-0250,10/11/2024,13.0239,10,,
GG-0250,10/11/2024,13.0244,10,,
GG-0250,10/11/2024,13.0250,10,,
GG-0250,10/11/2024,13.0256,10,,
GG-0250,10/11/2024,13.0261,10,,
GG-0250,10/11/2024,13.0267,10,,
GG-0250,10/11/2024,13.0272,10,,
GG-0250,10/11/2024,13.0278,10,,
GG-0250,10/11/2024,13.0283,10,,
GG-0250,10/11/2024,13.0289,10,,
GG-0250,10/11/2024,13.0294,10,,
GG-0250,10/11/2024,13.0300,10,,
GG-0250,10/11/2024,13.0306,10,,
GG-0250,10/11/2024,13.0311,10,,
GG-0250,10/11/2024,13.0317,10,,
GG-0250,10/11/2024,13.0322,10,,
GG-0250,10/11/2024,13.0328,10,,
GG-0250,10/11/2024,13.0333,10,,
GG-0250,10/11/2024,13.0339,10,,
GG-0250,10/11/2024,13.0344,10,,
GG-0250,10/11/2024,13.0350,10,,
GG-0250,10/11/2024,13.0356,10,,
GG-0250,10/11/2024,13.0361,10,,
GG-0250,10/11/2024,13.0367,10,,
GG-0250,10/11/2024,13.0372,10,,
GG-0250,10/11/2024,13.0378,10,,
GG-0250,10/11/2024,13.0383,10,,
GG-0250,10/11/2024,13.0389,10,,
GG-0250,10/11/2024,13.0394,10,,
GG-0250,10/11/2024,13.0400,10,,
GG-0250,10/11/2024,13.0406,10,,
GG-0250,10/11/2024,13.0411,9,,
GG-0250,10/11/2024,13.0417,9,,
GG-0250,10/11/2024,13.0422,8,,
GG-0250,10/11/2024,13.0428,8,,
GG-0250,10/11/2024,13.0433,8,,
GG-0250,10/11/2024,13.0439,8,,
GG-0250,10/11/2024,13.0444,8,,
GG-0250,10/11/2024,13.0450,8,,
GG-0250,10/11/2024,13.0456,8,,
GG-0250,10/11/2024,13.0461,8,,
GG-0250,10/11/2024,13.0467,8,,
GG-0250,10/11/2024,13.0472,8,,
GG-0250,10/11/2024,13.0478,8,,
GG-0250,10/11/2024,13.0483,8,,
GG-0250,10/11/2024,13.0489,8,,
GG-0250,10/11/2024,13.0494,8,,
GG-0250,10/11/2024,13.0500,8,,
GG-0250,10/11/2024,13.0506,8,,
GG-0250,10/11/2024,13.0511,8,,
GG-0250,10/11/2024,13.0517,8,,
GG-0250,10/11/2024,13.0522,8,,
GG-0250,10/11/2024,13.0528,8,,
GG-0250,10/11/2024,13.0533,8,,
GG-0250,10/11/2024,13.0539,8,,
GG-0250,10/11/2024,13.0544,8,,
GG-0250,10/11/2024,13.0550,8,,
GG-0250,10/11/2024,13.0556,8,,
GG-0250,10/11/2024,13.0561,8,,
GG-0250,10/11/2024,13.0567,8,,
GG-0250,10/11/2024,13.0572,8,,
GG-0250,10/11/2024,13.0578,8,,
GG-0250,10/11/2024,13.0583,8,,
GG-0250,10/11/2024,13.0589,8,,
GG-0250,10/11/2024,13.0594,8,,
GG-0250,10/11/2024,13.0600,8,,
GG-0250,10/11/2024,13.0606,8,,
GG-0250,10/11/2024,13.0611,8,,
GG-0250,10/11/2024,13.0617,8,,
GG-0250,10/11/2024,13.0622,8,,
GG-0250,10/11/2024,13.0628,8,,
GG-0250,10/11/2024,13.0633,8,,
GG-0250,10/11/2024,13.0639,8,,
GG-0250,10/11/2024,13.0644,8,,
GG-0250,10/11/2024,13.0650,8,,
GG-0250,10/11/2024,13.0656,7,,
GG-0250,10/11/2024,13.0661,7,,
GG-0250,10/11/2024,13.0667,8,,
GG-0250,10/11/2024,13.0672,7,,
GG-0250,10/11/2024,13.0678,7,,
GG-0250,10/11/2024,13.0683,7,,
GG-0250,10/11/2024,13.0689,7,,
GG-0250,10/11/2024,13.0694,7,,
GG-0250,10/11/2024,13.0700,7,,
GG-0250,10/11/2024,13.0706,7,,
GG-0250,10/11/2024,13.0711,7,,
GG-0250,10/11/2024,13.0717,7,,
GG-0250,10/11/2024,13.0722,7,,
GG-0250,10/11/2024,13.0728,7,,
GG-0250,10/11/2024,13.0733,7,,
GG-0250,10/11/2024,13.0739,7,,
GG-0250,10/11/2024,13.0744,7,,
GG-0250,10/11/2024,13.0750,7,,
GG-0250,10/11/2024,13.0756,7,,
GG-0250,10/11/2024,13.0761,7,,
GG-0250,10/11/2024,13.0767,7,,
GG-0250,10/11/2024,13.0772,7,,
GG-0250,10/11/2024,13.0778,7,,
GG-0250,10/11/2024,13.0783,7,,
GG-0250,10/11/2024,13.0789,7,,
GG-0250,10/11/2024,13.0794,7,,
GG-0250,10/11/2024,13.0800,7,,
GG-0250,10/11/2024,13.0806,7,,
GG-0250,10/11/2024,13.0811,7,,
GG-0250,10/11/2024,13.0817,7,,
GG-0250,10/11/2024,13.0822,6,,
GG-0250,10/11/2024,13.0828,6,,
GG-0250,10/11/2024,13.0833,6,,
GG-0250,10/11/2024,13.0839,6,,
GG-0250,10/11/2024,13.0844,6,,
GG-0250,10/11/2024,13.0850,6,,
GG-0250,10/11/2024,13.0856,6,,
GG-0250,10/11/2024,13.0861,6,,
GG-0250,10/11/2024,13.0867,6,,
GG-0250,10/11/2024,13.0872,6,,
GG-0250,10/11/2024,13.0878,6,,
GG-0250,10/11/2024,13.0883,6,,
GG-0250,10/11/2024,13.0889,6,,
GG-0250,10/11/2024,13.0894,6,,
GG-0250,10/11/2024,13.0900,6,,
GG-0250,10/11/2024,13.0906,6,,
GG-0250,10/11/2024,13.0911,6,,
GG-0250,10/11/2024,13.0917,6,,
GG-0250,10/11/2024,13.0922,6,,
GG-0250,10/11/2024,13.0928,6,,
GG-0250,10/11/2024,13.0933,6,,
GG-0250,10/11/2024,13.0939,5,,
GG-0250,10/11/2024,13.0944,5,,
GG-0250,10/11/2024,13.0950,5,,
GG-0250,10/11/2024,13.0956,5,,
GG-0250,10/11/2024,13.0961,5,,
GG-0250,10/11/2024,13.0967,5,,
GG-0250,10/11/2024,13.0972,5,,
GG-0250,10/11/2024,13.0978,5,,
GG-0250,10/11/2024,13.0983,5,,
GG-0250,10/11/2024,13.0989,5,,
GG-0250,10/11/2024,13.0994,5,,
GG-0250,10/11/2024,13.1000,5,,
GG-0250,10/11/2024,13.1006,5,,
GG-0250,10/11/2024,13.1011,5,,
GG-0250,10/11/2024,13.1017,5,,
GG-0250,10/11/2024,13.1022,5,,
GG-0250,10/11/2024,13.1028,5,,
GG-0250,10/11/2024,13.1033,5,,
GG-0250,10/11/2024,13.1039,5,,
GG-0250,10/11/2024,13.1044,5,,
GG-0250,10/11/2024,13.1050,5,,
GG-0250,10/11/2024,13.1056,5,,
GG-0250,10/11/2024,13.1061,5,,
GG-0250,10/11/2024,13.1067,5,,
GG-0250,10/11/2024,13.1072,5,,
GG-0250,10/11/2024,13.1078,5,,
GG-0250,10/11/2024,13.1083,5,,
GG-0250,10/11/2024,13.1089,5,,
GG-0250,10/11/2024,13.1094,5,,
GG-0250,10/11/2024,13.1100,5,,
GG-0250,10/11/2024,13.1106,5,,
GG-0250,10/11/2024,13.1111,5,,
GG-0250,10/11/2024,13.1117,5,,
GG-0250,10/11/2024,13.1122,5,,
GG-0250,10/11/2024,13.1128,5,,
GG-0250,10/11/2024,13.1133,5,,
GG-0250,10/11/2024,13.1139,5,,
GG-0250,10/11/2024,13.1144,5,,
GG-0250,10/11/2024,13.1150,5,,
GG-0250,10/11/2024,13.1156,5,,
GG-0250,10/11/2024,13.1161,5,,
GG-0250,10/11/2024,13.1167,5,,
GG-0250,10/11/2024,13.1172,5,,
GG-0250,10/11/2024,13.1178,5,,
GG-0250,10/11/2024,13.1183,5,,
GG-0250,10/11/2024,13.1189,5,,
GG-0250,10/11/2024,13.1194,5,,
GG-0250,10/11/2024,13.1200,5,,
GG-0250,10/11/2024,13.1206,5,,
GG-0250,10/11/2024,13.1211,5,,
GG-0250,10/11/2024,13.1217,5,,
GG-0250,10/11/2024,13.1222,5,,
GG-0250,10/11/2024,13.1228,5,,
GG-0250,10/11/2024,13.1233,4,,
GG-0250,10/11/2024,13.1239,4,,
GG-0250,10/11/2024,13.1244,4,,
GG-0250,10/11/2024,13.1250,4,,
GG-0250,10/11/2024,13.1256,4,,
GG-0250,10/11/2024,13.1261,4,,
GG-0250,10/11/2024,13.1267,4,,
GG-0250,10/11/2024,13.1272,4,,
GG-0250,10/11/2024,13.1278,4,,
GG-0250,10/11/2024,13.1283,4,,
GG-0250,10/11/2024,13.1289,4,,
GG-0250,10/11/2024,13.1294,4,,
GG-0250,10/11/2024,13.1300,4,,
GG-0250,10/11/2024,13.1306,4,,
GG-0250,10/11/2024,13.1311,4,,
GG-0250,10/11/2024,13.1317,4,,
GG-0250,10/11/2024,13.1322,4,,
GG-0250,10/11/2024,13.1328,4,,
GG-0250,10/11/2024,13.1333,4,,
GG-0250,10/11/2024,13.1339,4,,
GG-0250,10/11/2024,13.1344,4,,
GG-0250,10/11/2024,13.1350,4,,
GG-0250,10/11/2024,13.1356,3,,
GG-0250,10/11/2024,13.1361,3,,
GG-0250,10/11/2024,13.1367,3,,
GG-0250,10/11/2024,13.1372,3,,
GG-0250,10/11/2024,13.1378,3,,
GG-0250,10/11/2024,13.1383,3,,
GG-0250,10/11/2024,13.1389,4,,
GG-0250,10/11/2024,13.1394,4,,
GG-0250,10/11/2024,13.1400,3,,
GG-0250,10/11/2024,13.1406,3,,
GG-0250,10/11/2024,13.1411,3,,
GG-0250,10/11/2024,13.1417,3,,
GG-0250,10/11/2024,13.1422,3,,
GG-0250,10/11/2024,13.1428,3,,
GG-0250,10/11/2024,13.1433,3,,
GG-0250,10/11/2024,13.1439,3,,
GG-0250,10/11/2024,13.1444,3,,
GG-0250,10/11/2024,13.1450,3,,
GG-0250,10/11/2024,13.1456,3,,
GG-0250,10/11/2024,13.1461,3,,
GG-0250,10/11/2024,13.1467,3,,
GG-0250,10/11/2024,13.1472,3,,
GG-0250,10/11/2024,13.1478,3,,
GG-0250,10/11/2024,13.1483,3,,
GG-0250,10/11/2024,13.1489,3,,
GG-0250,10/11/2024,13.1494,3,,
GG-0250,10/11/2024,13.1500,3,,
GG-0250,10/11/2024,13.1506,3,,
GG-0250,10/11/2024,13.1511,3,,
GG-0250,10/11/2024,13.1517,3,,
GG-0250,10/11/2024,13.1522,3,,
GG-0250,10/11/2024,13.1528,3,,
GG-0250,10/11/2024,13.1533,3,,
GG-0250,10/11/2024,13.1539,3,,
GG-0250,10/11/2024,13.1544,3,,
GG-0250,10/11/2024,13.1550,3,,
GG-0250,10/11/2024,13.1556,3,,
GG-0250,10/11/2024,13.1561,3,,
GG-0250,10/11/2024,13.1567,3,,
GG-0250,10/11/2024,13.1572,3,,
GG-0250,10/11/2024,13.1578,3,,
GG-0250,10/11/2024,13.1583,3,,
GG-0250,10/11/2024,13.1589,3,,
GG-0250,10/11/2024,13.1594,3,,
GG-0250,10/11/2024,13.1600,3,,
GG-0250,10/11/2024,13.1606,3,,
GG-0250,10/11/2024,13.1611,3,,
GG-0250,10/11/2024,13.1617,3,,
GG-0250,10/11/2024,13.1622,3,,
GG-0250,10/11/2024,13.1628,3,,
GG-0250,10/11/2024,13.1633,3,,
GG-0250,10/11/2024,13.1639,3,,
GG-0250,10/11/2024,13.1644,2,,
GG-0250,10/11/2024,13.1650,2,,
GG-0250,10/11/2024,13.1656,2,,
GG-0250,10/11/2024,13.1661,2,,
GG-0250,10/11/2024,13.1667,2,,
GG-0250,10/11/2024,13.1672,2,,
GG-0250,10/11/2024,13.1678,2,,
GG-0250,10/11/2024,13.1683,2,,
GG-0250,10/11/2024,13.1689,2,,
GG-0250,10/11/2024,13.1694,2,,
GG-0250,10/11/2024,13.1700,2,,
GG-0250,10/11/2024,13.1706,2,,
GG-0250,10/11/2024,13.1711,2,,
GG-0250,10/11/2024,13.1717,2,,
GG-0250,10/11/2024,13.1722,2,,
GG-0250,10/11/2024,13.1728,2,,
GG-0250,10/11/2024,13.1733,2,,
GG-0250,10/11/2024,13.1739,2,,
GG-0250,10/11/2024,13.1744,2,,
GG-0250,10/11/2024,13.1750,2,,
GG-0250,10/11/2024,13.1756,2,,
GG-0250,10/11/2024,13.1761,2,,
GG-0250,10/11/2024,13.1767,2,,
GG-0250,10/11/2024,13.1772,2,,
GG-0250,10/11/2024,13.1778,2,,
GG-0250,10/11/2024,13.1783,2,,
GG-0250,10/11/2024,13.1789,2,,
GG-0250,10/11/2024,13.1794,2,,
GG-0250,10/11/2024,13.1800,2,,
GG-0250,10/11/2024,13.1806,2,,
GG-0250,10/11/2024,13.1811,2,,
GG-0250,10/11/2024,13.1817,2,,
GG-0250,10/11/2024,13.1822,2,,
GG-0250,10/11/2024,13.1828,2,,
GG-0250,10/11/2024,13.1833,2,,
GG-0250,10/11/2024,13.1839,2,,
GG-0250,10/11/2024,13.1844,2,,
GG-0250,10/11/2024,13.1850,2,,
GG-0250,10/11/2024,13.1856,2,,
GG-0250,10/11/2024,13.1861,2,,
GG-0250,10/11/2024,13.1867,2,,
GG-0250,10/11/2024,13.1872,2,,
GG-0250,10/11/2024,13.1878,2,,
GG-0250,10/11/2024,13.1883,2,,
GG-0250,10/11/2024,13.1889,2,,
GG-0250,10/11/2024,13.1894,2,,
GG-0250,10/11/2024,13.1900,2,,
GG-0250,10/11/2024,13.1906,2,,
GG-0250,10/11/2024,13.1911,2,,
GG-0250,10/11/2024,13.1917,2,,
GG-0250,10/11/2024,13.1922,2,,
GG-0250,10/11/2024,13.1928,2,,
GG-0250,10/11/2024,13.1933,2,,
GG-0250,10/11/2024,13.1939,2,,
GG-0250,10/11/2024,13.1944,2,,
GG-0250,10/11/2024,13.1950,2,,
GG-0250,10/11/2024,13.1956,2,,
GG-0250,10/11/2024,13.1961,2,,
GG-0250,10/11/2024,13.1967,2,,
GG-0250,10/11/2024,13.1972,2,,
GG-0250,10/11/2024,13.1978,2,,
GG-0250,10/11/2024,13.1983,2,,
GG-0250,10/11/2024,13.1989,2,,
GG-0250,10/11/2024,13.1994,2,,
GG-0250,10/11/2024,13.2000,2,,
GG-0250,10/11/2024,13.2006,2,,
GG-0250,10/11/2024,13.2011,2,,
GG-0250,10/11/2024,13.2017,2,,
GG-0250,10/11/2024,13.2022,2,,
GG-0250,10/11/2024,13.2028,2,,
GG-0250,10/11/2024,13.2033,2,,
GG-0250,10/11/2024,13.2039,2,,
GG-0250,10/11/2024,13.2044,2,,
GG-0250,10/11/2024,13.2050,1,,
GG-0250,10/11/2024,13.2056,1,,
GG-0250,10/11/2024,13.2061,1,,
GG-0250,10/11/2024,13.2067,1,,
GG-0250,10/11/2024,13.2072,1,,
GG-0250,10/11/2024,13.2078,1,,
GG-0250,10/11/2024,13.2083,1,,
GG-0250,10/11/2024,13.2089,1,,
GG-0250,10/11/2024,13.2094,1,,
GG-0250,10/11/2024,13.2100,1,,
GG-0250,10/11/2024,13.2106,1,,
GG-0250,10/11/2024,13.2111,1,,
GG-0250,10/11/2024,13.2117,1,,
GG-0250,10/11/2024,13.2122,1,,
GG-0250,10/11/2024,13.2128,1,,
GG-0250,10/11/2024,13.2133,1,,
GG-0250,10/11/2024,13.2139,1,,
GG-0250,10/11/2024,13.2144,1,,
GG-0250,10/11/2024,13.2150,1,,
GG-0250,10/11/2024,13.2156,1,,
GG-0250,10/11/2024,13.2161,1,,
GG-0250,10/11/2024,13.2167,1,,
GG-0250,10/11/2024,13.2172,1,,
GG-0250,10/11/2024,13.2178,1,,
GG-0250,10/11/2024,13.2183,1,,
GG-0250,10/11/2024,13.2189,1,,
GG-0250,10/11/2024,13.2194,1,,
GG-0250,10/11/2024,13.2200,1,,
GG-0250,10/11/2024,13.2206,1,,
GG-0250,10/11/2024,13.2217,1,,
GG-0250,10/11/2024,13.2222,1,,
GG-0250,10/11/2024,13.2228,1,,
GG-0250,10/11/2024,13.2233,1,,
GG-0250,10/11/2024,13.2239,1,,
GG-0250,10/11/2024,13.2244,1,,
GG-0250,10/11/2024,13.2250,1,,
GG-0250,10/11/2024,13.2256,0,,
GG-0250,10/11/2024,13.2261,0,,
GG-0250,10/11/2024,13.2267,0,,
GG-0250,10/11/2024,13.3794,0,,
GG-0250,10/11/2024,13.3800,0,,
GG-0250,10/11/2024,13.3806,0,,
GG-0250,10/11/2024,13.3811,0,,
GG-0250,10/11/2024,13.3817,0,,
GG-0250,10/11/2024,13.3822,0,,
GG-0250,10/11/2024,13.3828,0,,
GG-0250,10/11/2024,13.3833,0,,
GG-0250,10/11/2024,13.3839,0,,
GG-0250,10/11/2024,13.3844,0,,
GG-0250,10/11/2024,13.3850,0,,
GG-0250,10/11/2024,13.3856,0,,
GG-0250,10/11/2024,13.3861,0,,
GG-0250,10/11/2024,13.3867,0,,
GG-0250,10/11/2024,13.3872,0,,
GG-0250,10/11/2024,13.3878,0,,
GG-0250,10/11/2024,13.3883,0,,
GG-0250,10/11/2024,13.3889,0,,
GG-0250,10/11/2024,13.3894,0,,
GG-0250,10/11/2024,13.3900,0,,
GG-0250,10/11/2024,13.3906,0,,
GG-0250,10/11/2024,13.3911,0,,
GG-0250,10/11/2024,13.3917,0,,
GG-0250,10/11/2024,13.3922,0,,
GG-0250,10/11/2024,13.3928,0,,
GG-0250,10/11/2024,13.3933,0,,
GG-0250,10/11/2024,13.3939,0,,
GG-0250,10/11/2024,13.3944,1,,
GG-0250,10/11/2024,13.3950,1,,
GG-0250,10/11/2024,13.3956,1,,
GG-0250,10/11/2024,13.3961,1,,
GG-0250,10/11/2024,13.3967,1,,
GG-0250,10/11/2024,13.3972,1,,
GG-0250,10/11/2024,13.3978,1,,
GG-0250,10/11/2024,13.3983,2,,
GG-0250,10/11/2024,13.3989,2,,
GG-0250,10/11/2024,13.3994,3,,
GG-0250,10/11/2024,13.4000,3,,
GG-0250,10/11/2024,13.4006,4,,
GG-0250,10/11/2024,13.4011,5,,
GG-0250,10/11/2024,13.4017,7,,
GG-0250,10/11/2024,13.4022,8,,
GG-0250,10/11/2024,13.4028,10,,
GG-0250,10/11/2024,13.4033,12,,
GG-0250,10/11/2024,13.4039,16,,
GG-0250,10/11/2024,13.4044,18,,
GG-0250,10/11/2024,13.4050,23,,
GG-0250,10/11/2024,13.4056,27,,
GG-0250,10/11/2024,13.4061,32,,
GG-0250,10/11/2024,13.4067,37,,
GG-0250,10/11/2024,13.4072,44,,
GG-0250,10/11/2024,13.4078,63,,
GG-0250,10/11/2024,13.4083,69,,
GG-0250,10/11/2024,13.4089,73,,
GG-0250,10/11/2024,13.4094,97,,
GG-0250,10/11/2024,13.4100,103,,
GG-0250,10/11/2024,13.4106,118,,
GG-0250,10/11/2024,13.4111,133,,
GG-0250,10/11/2024,13.4117,151,,
GG-0250,10/11/2024,13.4122,153,,
GG-0250,10/11/2024,13.4128,180,,
GG-0250,10/11/2024,13.4133,180,,
GG-0250,10/11/2024,13.4139,200,,
GG-0250,10/11/2024,13.4144,236,,
GG-0250,10/11/2024,13.4150,250,,
GG-0250,10/11/2024,13.4156,271,,
GG-0250,10/11/2024,13.4161,313,,
GG-0250,10/11/2024,13.4167,336,,
GG-0250,10/11/2024,13.4172,353,,
GG-0250,10/11/2024,13.4178,376,,
GG-0250,10/11/2024,13.4183,402,,
GG-0250,10/11/2024,13.4189,414,,
GG-0250,10/11/2024,13.4194,452,,
GG-0250,10/11/2024,13.4200,469,,
GG-0250,10/11/2024,13.4206,533,,
GG-0250,10/11/2024,13.4211,558,,
GG-0250,10/11/2024,13.4217,570,,
GG-0250,10/11/2024,13.4222,586,,
GG-0250,10/11/2024,13.4228,622,,
GG-0250,10/11/2024,13.4233,650,,
GG-0250,10/11/2024,13.4239,694,,
GG-0250,10/11/2024,13.4244,710,,
GG-0250,10/11/2024,13.4250,762,,
GG-0250,10/11/2024,13.4256,780,,
GG-0250,10/11/2024,13.4261,767,,
GG-0250,10/11/2024,13.4267,831,,
GG-0250,10/11/2024,13.4272,839,,
GG-0250,10/11/2024,13.4278,878,,
GG-0250,10/11/2024,13.4283,898,,
GG-0250,10/11/2024,13.4289,948,,
GG-0250,10/11/2024,13.4294,957,,
GG-0250,10/11/2024,13.4300,979,,
GG-0250,10/11/2024,13.4306,983,,
GG-0250,10/11/2024,13.4311,1055,,
GG-0250,10/11/2024,13.4317,1080,,
GG-0250,10/11/2024,13.4322,1082,,
GG-0250,10/11/2024,13.4328,1106,,
GG-0250,10/11/2024,13.4333,1099,,
GG-0250,10/11/2024,13.4339,1178,,
GG-0250,10/11/2024,13.4344,1168,,
GG-0250,10/11/2024,13.4350,1165,,
GG-0250,10/11/2024,13.4356,1216,,
GG-0250,10/11/2024,13.4361,1222,,
GG-0250,10/11/2024,13.4367,1242,,
GG-0250,10/11/2024,13.4372,1248,,
GG-0250,10/11/2024,13.4378,1276,,
GG-0250,10/11/2024,13.4383,1260,,
GG-0250,10/11/2024,13.4389,1283,,
GG-0250,10/11/2024,13.4394,1309,,
GG-0250,10/11/2024,13.4400,1307,,
GG-0250,10/11/2024,13.4406,1315,,
GG-0250,10/11/2024,13.4411,1322,,
GG-0250,10/11/2024,13.4417,1343,,
GG-0250,10/11/2024,13.4422,1345,,
GG-0250,10/11/2024,13.4428,1364,,
GG-0250,10/11/2024,13.4433,1362,,
GG-0250,10/11/2024,13.4439,1353,,
GG-0250,10/11/2024,13.4444,1369,,
GG-0250,10/11/2024,13.4450,1365,,
GG-0250,10/11/2024,13.4456,1368,,
GG-0250,10/11/2024,13.4461,1375,,
GG-0250,10/11/2024,13.4467,1374,,
GG-0250,10/11/2024,13.4472,1369,,
GG-0250,10/11/2024,13.4478,1370,,
GG-0250,10/11/2024,13.4483,1369,,
GG-0250,10/11/2024,13.4489,1370,,
GG-0250,10/11/2024,13.4494,1365,,
GG-0250,10/11/2024,13.4500,1366,,
GG-0250,10/11/2024,13.4506,1362,,
GG-0250,10/11/2024,13.4511,1358,,
GG-0250,10/11/2024,13.4517,1352,,
GG-0250,10/11/2024,13.4522,1348,,
GG-0250,10/11/2024,13.4528,1342,,
GG-0250,10/11/2024,13.4533,1339,,
GG-0250,10/11/2024,13.4539,1331,,
GG-0250,10/11/2024,13.4544,1311,,
GG-0250,10/11/2024,13.4550,1307,,
GG-0250,10/11/2024,13.4556,1303,,
GG-0250,10/11/2024,13.4561,1295,,
GG-0250,10/11/2024,13.4567,1292,,
GG-0250,10/11/2024,13.4572,1269,,
GG-0250,10/11/2024,13.4578,1252,,
GG-0250,10/11/2024,13.4583,1248,,
GG-0250,10/11/2024,13.4589,1247,,
GG-0250,10/11/2024,13.4594,1224,,
GG-0250,10/11/2024,13.4600,1221,,
GG-0250,10/11/2024,13.4606,1199,,
GG-0250,10/11/2024,13.4611,1197,,
GG-0250,10/11/2024,13.4617,1192,,
GG-0250,10/11/2024,13.4622,1186,,
GG-0250,10/11/2024,13.4628,1156,,
GG-0250,10/11/2024,13.4633,1142,,
GG-0250,10/11/2024,13.4639,1138,,
GG-0250,10/11/2024,13.4644,1137,,
GG-0250,10/11/2024,13.4650,1120,,
GG-0250,10/11/2024,13.4656,1116,,
GG-0250,10/11/2024,13.4661,1110,,
GG-0250,10/11/2024,13.4667,1078,,
GG-0250,10/11/2024,13.4672,1067,,
GG-0250,10/11/2024,13.4678,1054,,
GG-0250,10/11/2024,13.4683,1052,,
GG-0250,10/11/2024,13.4689,1043,,
GG-0250,10/11/2024,13.4694,1026,,
GG-0250,10/11/2024,13.4700,1014,,
GG-0250,10/11/2024,13.4706,1006,,
GG-0250,10/11/2024,13.4711,995,,
GG-0250,10/11/2024,13.4717,982,,
GG-0250,10/11/2024,13.4722,974,,
GG-0250,10/11/2024,13.4728,955,,
GG-0250,10/11/2024,13.4733,939,,
GG-0250,10/11/2024,13.4739,938,,
GG-0250,10/11/2024,13.4744,939,,
GG-0250,10/11/2024,13.4750,904,,
GG-0250,10/11/2024,13.4756,904,,
GG-0250,10/11/2024,13.4761,891,,
GG-0250,10/11/2024,13.4767,877,,
GG-0250,10/11/2024,13.4772,861,,
GG-0250,10/11/2024,13.4778,859,,
GG-0250,10/11/2024,13.4783,851,,
GG-0250,10/11/2024,13.4789,842,,
GG-0250,10/11/2024,13.4794,829,,
GG-0250,10/11/2024,13.4800,827,,
GG-0250,10/11/2024,13.4806,819,,
GG-0250,10/11/2024,13.4811,817,,
GG-0250,10/11/2024,13.4817,795,,
GG-0250,10/11/2024,13.4822,776,,
GG-0250,10/11/2024,13.4828,765,,
GG-0250,10/11/2024,13.4833,766,,
GG-0250,10/11/2024,13.4839,749,,
GG-0250,10/11/2024,13.4844,745,,
GG-0250,10/11/2024,13.4850,726,,
GG-0250,10/11/2024,13.4856,717,,
GG-0250,10/11/2024,13.4861,715,,
GG-0250,10/11/2024,13.4867,714,,
GG-0250,10/11/2024,13.4872,695,,
GG-0250,10/11/2024,13.4878,686,,
GG-0250,10/11/2024,13.4883,678,,
GG-0250,10/11/2024,13.4889,677,,
GG-0250,10/11/2024,13.4894,656,,
GG-0250,10/11/2024,13.4900,656,,
GG-0250,10/11/2024,13.4906,649,,
GG-0250,10/11/2024,13.4911,630,,
GG-0250,10/11/2024,13.4917,634,,
GG-0250,10/11/2024,13.4922,621,,
GG-0250,10/11/2024,13.4928,613,,
GG-0250,10/11/2024,13.4933,606,,
GG-0250,10/11/2024,13.4939,605,,
GG-0250,10/11/2024,13.4944,600,,
GG-0250,10/11/2024,13.4950,596,,
GG-0250,10/11/2024,13.4956,591,,
GG-0250,10/11/2024,13.4961,572,,
GG-0250,10/11/2024,13.4967,570,,
GG-0250,10/11/2024,13.4972,564,,
GG-0250,10/11/2024,13.4978,561,,
GG-0250,10/11/2024,13.4983,538,,
GG-0250,10/11/2024,13.4989,533,,
GG-0250,10/11/2024,13.4994,532,,
GG-0250,10/11/2024,13.5000,530,,
GG-0250,10/11/2024,13.5006,509,,
GG-0250,10/11/2024,13.5011,510,,
GG-0250,10/11/2024,13.5017,513,,
GG-0250,10/11/2024,13.5022,508,,
GG-0250,10/11/2024,13.5028,502,,
GG-0250,10/11/2024,13.5033,485,,
GG-0250,10/11/2024,13.5039,480,,
GG-0250,10/11/2024,13.5044,475,,
GG-0250,10/11/2024,13.5050,470,,
GG-0250,10/11/2024,13.5056,467,,
GG-0250,10/11/2024,13.5061,465,,
GG-0250,10/11/2024,13.5067,462,,
GG-0250,10/11/2024,13.5072,456,,
GG-0250,10/11/2024,13.5078,451,,
GG-0250,10/11/2024,13.5083,446,,
GG-0250,10/11/2024,13.5089,426,,
GG-0250,10/11/2024,13.5094,425,,
GG-0250,10/11/2024,13.5100,426,,
GG-0250,10/11/2024,13.5106,421,,
GG-0250,10/11/2024,13.5111,419,,
GG-0250,10/11/2024,13.5117,405,,
GG-0250,10/11/2024,13.5122,396,,
GG-0250,10/11/2024,13.5128,395,,
GG-0250,10/11/2024,13.5133,395,,
GG-0250,10/11/2024,13.5139,391,,
GG-0250,10/11/2024,13.5144,389,,
GG-0250,10/11/2024,13.5150,386,,
GG-0250,10/11/2024,13.5156,381,,
GG-0250,10/11/2024,13.5161,375,,
GG-0250,10/11/2024,13.5167,372,,
GG-0250,10/11/2024,13.5172,367,,
GG-0250,10/11/2024,13.5178,363,,
GG-0250,10/11/2024,13.5183,356,,
GG-0250,10/11/2024,13.5189,354,,
GG-0250,10/11/2024,13.5194,351,,
GG-0250,10/11/2024,13.5200,348,,
GG-0250,10/11/2024,13.5206,343,,
GG-0250,10/11/2024,13.5211,340,,
GG-0250,10/11/2024,13.5217,334,,
GG-0250,10/11/2024,13.5222,332,,
GG-0250,10/11/2024,13.5228,329,,
GG-0250,10/11/2024,13.5233,324,,
GG-0250,10/11/2024,13.5239,320,,
GG-0250,10/11/2024,13.5244,317,,
GG-0250,10/11/2024,13.5250,312,,
GG-0250,10/11/2024,13.5256,309,,
GG-0250,10/11/2024,13.5261,304,,
GG-0250,10/11/2024,13.5267,301,,
GG-0250,10/11/2024,13.5272,298,,
GG-0250,10/11/2024,13.5278,295,,
GG-0250,10/11/2024,13.5283,290,,
GG-0250,10/11/2024,13.5289,288,,
GG-0250,10/11/2024,13.5294,285,,
GG-0250,10/11/2024,13.5300,283,,
GG-0250,10/11/2024,13.5306,279,,
GG-0250,10/11/2024,13.5311,278,,
GG-0250,10/11/2024,13.5317,274,,
GG-0250,10/11/2024,13.5322,272,,
GG-0250,10/11/2024,13.5328,268,,
GG-0250,10/11/2024,13.5333,265,,
GG-0250,10/11/2024,13.5339,262,,
GG-0250,10/11/2024,13.5344,261,,
GG-0250,10/11/2024,13.5350,257,,
GG-0250,10/11/2024,13.5356,255,,
GG-0250,10/11/2024,13.5361,251,,
GG-0250,10/11/2024,13.5367,249,,
GG-0250,10/11/2024,13.5372,246,,
GG-0250,10/11/2024,13.5378,243,,
GG-0250,10/11/2024,13.5383,240,,
GG-0250,10/11/2024,13.5389,238,,
GG-0250,10/11/2024,13.5394,235,,
GG-0250,10/11/2024,13.5400,233,,
GG-0250,10/11/2024,13.5406,228,,
GG-0250,10/11/2024,13.5411,226,,
GG-0250,10/11/2024,13.5417,224,,
GG-0250,10/11/2024,13.5422,222,,
GG-0250,10/11/2024,13.5428,219,,
GG-0250,10/11/2024,13.5433,217,,
GG-0250,10/11/2024,13.5439,215,,
GG-0250,10/11/2024,13.5444,213,,
GG-0250,10/11/2024,13.5450,211,,
GG-0250,10/11/2024,13.5456,208,,
GG-0250,10/11/2024,13.5461,205,,
GG-0250,10/11/2024,13.5467,203,,
GG-0250,10/11/2024,13.5472,202,,
GG-0250,10/11/2024,13.5478,200,,
GG-0250,10/11/2024,13.5483,197,,
GG-0250,10/11/2024,13.5489,195,,
GG-0250,10/11/2024,13.5494,193,,
GG-0250,10/11/2024,13.5500,193,,
GG-0250,10/11/2024,13.5506,191,,
GG-0250,10/11/2024,13.5511,190,,
GG-0250,10/11/2024,13.5517,188,,
GG-0250,10/11/2024,13.5522,186,,
GG-0250,10/11/2024,13.5528,184,,
GG-0250,10/11/2024,13.5533,183,,
GG-0250,10/11/2024,13.5539,180,,
GG-0250,10/11/2024,13.5544,179,,
GG-0250,10/11/2024,13.5550,177,,
GG-0250,10/11/2024,13.5556,176,,
GG-0250,10/11/2024,13.5561,175,,
GG-0250,10/11/2024,13.5567,174,,
GG-0250,10/11/2024,13.5572,171,,
GG-0250,10/11/2024,13.5578,169,,
GG-0250,10/11/2024,13.5583,167,,
GG-0250,10/11/2024,13.5589,166,,
GG-0250,10/11/2024,13.5594,164,,
GG-0250,10/11/2024,13.5600,164,,
GG-0250,10/11/2024,13.5606,162,,
GG-0250,10/11/2024,13.5611,161,,
GG-0250,10/11/2024,13.5617,159,,
GG-0250,10/11/2024,13.5622,158,,
GG-0250,10/11/2024,13.5628,157,,
GG-0250,10/11/2024,13.5633,156,,
GG-0250,10/11/2024,13.5639,154,,
GG-0250,10/11/2024,13.5644,151,,
GG-0250,10/11/2024,13.5650,149,,
GG-0250,10/11/2024,13.5656,148,,
GG-0250,10/11/2024,13.5661,146,,
GG-0250,10/11/2024,13.5667,145,,
GG-0250,10/11/2024,13.5672,144,,
GG-0250,10/11/2024,13.5678,143,,
GG-0250,10/11/2024,13.5683,141,,
GG-0250,10/11/2024,13.5689,140,,
GG-0250,10/11/2024,13.5694,138,,
GG-0250,10/11/2024,13.5700,137,,
GG-0250,10/11/2024,13.5706,136,,
GG-0250,10/11/2024,13.5711,135,,
GG-0250,10/11/2024,13.5717,135,,
GG-0250,10/11/2024,13.5722,134,,
GG-0250,10/11/2024,13.5728,132,,
GG-0250,10/11/2024,13.5733,131,,
GG-0250,10/11/2024,13.5739,129,,
GG-0250,10/11/2024,13.5744,128,,
GG-0250,10/11/2024,13.5750,126,,
GG-0250,10/11/2024,13.5756,126,,
GG-0250,10/11/2024,13.5761,125,,
GG-0250,10/11/2024,13.5767,124,,
GG-0250,10/11/2024,13.5772,123,,
GG-0250,10/11/2024,13.5778,123,,
GG-0250,10/11/2024,13.5783,121,,
GG-0250,10/11/2024,13.5789,120,,
GG-0250,10/11/2024,13.5794,119,,
GG-0250,10/11/2024,13.5800,118,,
GG-0250,10/11/2024,13.5806,117,,
GG-0250,10/11/2024,13.5811,116,,
GG-0250,10/11/2024,13.5817,115,,
GG-0250,10/11/2024,13.5822,114,,
GG-0250,10/11/2024,13.5828,113,,
GG-0250,10/11/2024,13.5833,112,,
GG-0250,10/11/2024,13.5839,111,,
GG-0250,10/11/2024,13.5844,110,,
GG-0250,10/11/2024,13.5850,110,,
GG-0250,10/11/2024,13.5856,109,,
GG-0250,10/11/2024,13.5861,108,,
GG-0250,10/11/2024,13.5867,107,,
GG-0250,10/11/2024,13.5872,106,,
GG-0250,10/11/2024,13.5878,106,,
GG-0250,10/11/2024,13.5883,104,,
GG-0250,10/11/2024,13.5889,104,,
GG-0250,10/11/2024,13.5894,102,,
GG-0250,10/11/2024,13.5900,102,,
GG-0250,10/11/2024,13.5906,101,,
GG-0250,10/11/2024,13.5911,100,,
GG-0250,10/11/2024,13.5917,99,,
GG-0250,10/11/2024,13.5922,99,,
GG-0250,10/11/2024,13.5928,98,,
GG-0250,10/11/2024,13.5933,97,,
GG-0250,10/11/2024,13.5939,96,,
GG-0250,10/11/2024,13.5944,96,,
GG-0250,10/11/2024,13.5950,95,,
GG-0250,10/11/2024,13.5956,95,,
GG-0250,10/11/2024,13.5961,94,,
GG-0250,10/11/2024,13.5967,94,,
GG-0250,10/11/2024,13.5972,93,,
GG-0250,10/11/2024,13.5978,92,,
GG-0250,10/11/2024,13.5983,92,,
GG-0250,10/11/2024,13.5989,91,,
GG-0250,10/11/2024,13.5994,90,,
GG-0250,10/11/2024,13.6000,90,,
GG-0250,10/11/2024,13.6006,89,,
GG-0250,10/11/2024,13.6011,88,,
GG-0250,10/11/2024,13.6017,88,,
GG-0250,10/11/2024,13.6022,87,,
GG-0250,10/11/2024,13.6028,87,,
GG-0250,10/11/2024,13.6033,86,,
GG-0250,10/11/2024,13.6039,85,,
GG-0250,10/11/2024,13.6044,85,,
GG-0250,10/11/2024,13.6050,84,,
GG-0250,10/11/2024,13.6056,83,,
GG-0250,10/11/2024,13.6061,83,,
GG-0250,10/11/2024,13.6067,82,,
GG-0250,10/11/2024,13.6072,82,,
GG-0250,10/11/2024,13.6078,81,,
GG-0250,10/11/2024,13.6083,81,,
GG-0250,10/11/2024,13.6089,80,,
GG-0250,10/11/2024,13.6094,80,,
GG-0250,10/11/2024,13.6100,79,,
GG-0250,10/11/2024,13.6106,79,,
GG-0250,10/11/2024,13.6111,78,,
GG-0250,10/11/2024,13.6117,78,,
GG-0250,10/11/2024,13.6122,77,,
GG-0250,10/11/2024,13.6128,75,,
GG-0250,10/11/2024,13.6133,75,,
GG-0250,10/11/2024,13.6139,74,,
GG-0250,10/11/2024,13.6144,74,,
GG-0250,10/11/2024,13.6150,73,,
GG-0250,10/11/2024,13.6156,73,,
GG-0250,10/11/2024,13.6161,72,,
GG-0250,10/11/2024,13.6167,72,,
GG-0250,10/11/2024,13.6172,72,,
GG-0250,10/11/2024,13.6178,71,,
GG-0250,10/11/2024,13.6183,70,,
GG-0250,10/11/2024,13.6189,70,,
GG-0250,10/11/2024,13.6194,69,,
GG-0250,10/11/2024,13.6200,69,,
GG-0250,10/11/2024,13.6206,68,,
GG-0250,10/11/2024,13.6211,68,,
GG-0250,10/11/2024,13.6217,68,,
GG-0250,10/11/2024,13.6222,68,,
GG-0250,10/11/2024,13.6228,67,,
GG-0250,10/11/2024,13.6233,67,,
GG-0250,10/11/2024,13.6239,66,,
GG-0250,10/11/2024,13.6244,66,,
GG-0250,10/11/2024,13.6250,65,,
GG-0250,10/11/2024,13.6256,65,,
GG-0250,10/11/2024,13.6261,64,,
GG-0250,10/11/2024,13.6267,64,,
GG-0250,10/11/2024,13.6272,64,,
GG-0250,10/11/2024,13.6278,63,,
GG-0250,10/11/2024,13.6283,63,,
GG-0250,10/11/2024,13.6289,63,,
GG-0250,10/11/2024,13.6294,62,,
GG-0250,10/11/2024,13.6300,62,,
GG-0250,10/11/2024,13.6306,61,,
GG-0250,10/11/2024,13.6311,61,,
GG-0250,10/11/2024,13.6317,60,,
GG-0250,10/11/2024,13.6322,60,,
GG-0250,10/11/2024,13.6328,60,,
GG-0250,10/11/2024,13.6333,60,,
GG-0250,10/11/2024,13.6339,59,,
GG-0250,10/11/2024,13.6344,59,,
GG-0250,10/11/2024,13.6350,58,,
GG-0250,10/11/2024,13.6356,58,,
GG-0250,10/11/2024,13.6361,58,,
GG-0250,10/11/2024,13.6367,57,,
GG-0250,10/11/2024,13.6372,57,,
GG-0250,10/11/2024,13.6378,57,,
GG-0250,10/11/2024,13.6383,56,,
GG-0250,10/11/2024,13.6389,56,,
GG-0250,10/11/2024,13.6394,56,,
GG-0250,10/11/2024,13.6400,55,,
GG-0250,10/11/2024,13.6406,55,,
GG-0250,10/11/2024,13.6411,55,,
GG-0250,10/11/2024,13.6417,54,,
GG-0250,10/11/2024,13.6422,54,,
GG-0250,10/11/2024,13.6428,54,,
GG-0250,10/11/2024,13.6433,54,,
GG-0250,10/11/2024,13.6439,53,,
GG-0250,10/11/2024,13.6444,53,,
GG-0250,10/11/2024,13.6450,52,,
GG-0250,10/11/2024,13.6456,52,,
GG-0250,10/11/2024,13.6461,52,,
GG-0250,10/11/2024,13.6467,52,,
GG-0250,10/11/2024,13.6472,51,,
GG-0250,10/11/2024,13.6478,51,,
GG-0250,10/11/2024,13.6483,51,,
GG-0250,10/11/2024,13.6489,51,,
GG-0250,10/11/2024,13.6494,50,,
GG-0250,10/11/2024,13.6500,50,,
GG-0250,10/11/2024,13.6506,50,,
GG-0250,10/11/2024,13.6511,50,,
GG-0250,10/11/2024,13.6517,49,,
GG-0250,10/11/2024,13.6522,49,,
GG-0250,10/11/2024,13.6528,48,,
GG-0250,10/11/2024,13.6533,48,,
GG-0250,10/11/2024,13.6539,48,,
GG-0250,10/11/2024,13.6544,48,,
GG-0250,10/11/2024,13.6550,48,,
GG-0250,10/11/2024,13.6556,47,,
GG-0250,10/11/2024,13.6561,47,,
GG-0250,10/11/2024,13.6567,47,,
GG-0250,10/11/2024,13.6572,46,,
GG-0250,10/11/2024,13.6578,46,,
GG-0250,10/11/2024,13.6583,46,,
GG-0250,10/11/2024,13.6589,46,,
GG-0250,10/11/2024,13.6594,46,,
GG-0250,10/11/2024,13.6600,45,,
GG-0250,10/11/2024,13.6606,45,,
GG-0250,10/11/2024,13.6611,45,,
GG-0250,10/11/2024,13.6617,44,,
GG-0250,10/11/2024,13.6622,44,,
GG-0250,10/11/2024,13.6628,43,,
GG-0250,10/11/2024,13.6633,43,,
GG-0250,10/11/2024,13.6639,43,,
GG-0250,10/11/2024,13.6644,43,,
GG-0250,10/11/2024,13.6650,43,,
GG-0250,10/11/2024,13.6656,43,,
GG-0250,10/11/2024,13.6661,42,,
GG-0250,10/11/2024,13.6667,42,,
GG-0250,10/11/2024,13.6672,42,,
GG-0250,10/11/2024,13.6678,41,,
GG-0250,10/11/2024,13.6683,41,,
GG-0250,10/11/2024,13.6689,41,,
GG-0250,10/11/2024,13.6694,40,,
GG-0250,10/11/2024,13.6700,40,,
GG-0250,10/11/2024,13.6706,40,,
GG-0250,10/11/2024,13.6711,40,,
GG-0250,10/11/2024,13.6717,40,,
GG-0250,10/11/2024,13.6722,39,,
GG-0250,10/11/2024,13.6728,39,,
GG-0250,10/11/2024,13.6733,39,,
GG-0250,10/11/2024,13.6739,39,,
GG-0250,10/11/2024,13.6744,39,,
GG-0250,10/11/2024,13.6750,39,,
GG-0250,10/11/2024,13.6756,38,,
GG-0250,10/11/2024,13.6761,38,,
GG-0250,10/11/2024,13.6767,38,,
GG-0250,10/11/2024,13.6772,38,,
GG-0250,10/11/2024,13.6778,38,,
GG-0250,10/11/2024,13.6783,37,,
GG-0250,10/11/2024,13.6789,37,,
GG-0250,10/11/2024,13.6794,37,,
GG-0250,10/11/2024,13.6800,37,,
GG-0250,10/11/2024,13.6806,37,,
GG-0250,10/11/2024,13.6811,37,,
GG-0250,10/11/2024,13.6817,36,,
GG-0250,10/11/2024,13.6822,36,,
GG-0250,10/11/2024,13.6828,36,,
GG-0250,10/11/2024,13.6833,36,,
GG-0250,10/11/2024,13.6839,36,,
GG-0250,10/11/2024,13.6844,36,,
GG-0250,10/11/2024,13.6850,35,,
GG-0250,10/11/2024,13.6856,35,,
GG-0250,10/11/2024,13.6861,35,,
GG-0250,10/11/2024,13.6867,35,,
GG-0250,10/11/2024,13.6872,35,,
GG-0250,10/11/2024,13.6878,34,,
GG-0250,10/11/2024,13.6883,34,,
GG-0250,10/11/2024,13.6889,34,,
GG-0250,10/11/2024,13.6894,34,,
GG-0250,10/11/2024,13.6900,34,,
GG-0250,10/11/2024,13.6906,34,,
GG-0250,10/11/2024,13.6911,34,,
GG-0250,10/11/2024,13.6917,33,,
GG-0250,10/11/2024,13.6922,33,,
GG-0250,10/11/2024,13.6928,33,,
GG-0250,10/11/2024,13.6933,33,,
GG-0250,10/11/2024,13.6939,33,,
GG-0250,10/11/2024,13.6944,33,,
GG-0250,10/11/2024,13.6950,32,,
GG-0250,10/11/2024,13.6956,32,,
GG-0250,10/11/2024,13.6961,32,,
GG-0250,10/11/2024,13.6967,32,,
GG-0250,10/11/2024,13.6972,32,,
GG-0250,10/11/2024,13.6978,32,,
GG-0250,10/11/2024,13.6983,32,,
GG-0250,10/11/2024,13.6989,31,,
GG-0250,10/11/2024,13.6994,31,,
GG-0250,10/11/2024,13.7000,31,,
GG-0250,10/11/2024,13.7006,31,,
GG-0250,10/11/2024,13.7011,31,,
GG-0250,10/11/2024,13.7017,31,,
GG-0250,10/11/2024,13.7022,30,,
GG-0250,10/11/2024,13.7028,30,,
GG-0250,10/11/2024,13.7033,30,,
GG-0250,10/11/2024,13.7039,30,,
GG-0250,10/11/2024,13.7044,30,,
GG-0250,10/11/2024,13.7050,30,,
GG-0250,10/11/2024,13.7056,30,,
GG-0250,10/11/2024,13.7061,30,,
GG-0250,10/11/2024,13.7067,30,,
GG-0250,10/11/2024,13.7072,30,,
GG-0250,10/11/2024,13.7078,30,,
GG-0250,10/11/2024,13.7083,29,,
GG-0250,10/11/2024,13.7089,29,,
GG-0250,10/11/2024,13.7094,29,,
GG-0250,10/11/2024,13.7100,29,,
GG-0250,10/11/2024,13.7106,28,,
GG-0250,10/11/2024,13.7111,28,,
GG-0250,10/11/2024,13.7117,28,,
GG-0250,10/11/2024,13.7122,28,,
GG-0250,10/11/2024,13.7128,27,,
GG-0250,10/11/2024,13.7133,27,,
GG-0250,10/11/2024,13.7139,27,,
GG-0250,10/11/2024,13.7144,27,,
GG-0250,10/11/2024,13.7150,27,,
GG-0250,10/11/2024,13.7156,27,,
GG-0250,10/11/2024,13.7161,26,,
GG-0250,10/11/2024,13.7167,26,,
GG-0250,10/11/2024,13.7172,26,,
GG-0250,10/11/2024,13.7178,26,,
GG-0250,10/11/2024,13.7183,26,,
GG-0250,10/11/2024,13.7189,26,,
GG-0250,10/11/2024,13.7194,26,,
GG-0250,10/11/2024,13.7200,26,,
GG-0250,10/11/2024,13.7206,25,,
GG-0250,10/11/2024,13.7211,25,,
GG-0250,10/11/2024,13.7217,25,,
GG-0250,10/11/2024,13.7222,25,,
GG-0250,10/11/2024,13.7228,25,,
GG-0250,10/11/2024,13.7233,25,,
GG-0250,10/11/2024,13.7239,25,,
GG-0250,10/11/2024,13.7244,25,,
GG-0250,10/11/2024,13.7250,25,,
GG-0250,10/11/2024,13.7256,24,,
GG-0250,10/11/2024,13.7261,24,,
GG-0250,10/11/2024,13.7267,24,,
GG-0250,10/11/2024,13.7272,24,,
GG-0250,10/11/2024,13.7278,24,,
GG-0250,10/11/2024,13.7283,24,,
GG-0250,10/11/2024,13.7289,24,,
GG-0250,10/11/2024,13.7294,24,,
GG-0250,10/11/2024,13.7300,24,,
GG-0250,10/11/2024,13.7306,24,,
GG-0250,10/11/2024,13.7311,24,,
GG-0250,10/11/2024,13.7317,24,,
GG-0250,10/11/2024,13.7322,23,,
GG-0250,10/11/2024,13.7328,23,,
GG-0250,10/11/2024,13.7333,23,,
GG-0250,10/11/2024,13.7339,23,,
GG-0250,10/11/2024,13.7344,23,,
GG-0250,10/11/2024,13.7350,23,,
GG-0250,10/11/2024,13.7356,23,,
GG-0250,10/11/2024,13.7361,23,,
GG-0250,10/11/2024,13.7367,23,,
GG-0250,10/11/2024,13.7372,22,,
GG-0250,10/11/2024,13.7378,22,,
GG-0250,10/11/2024,13.7383,22,,
GG-0250,10/11/2024,13.7389,22,,
GG-0250,10/11/2024,13.7394,22,,
GG-0250,10/11/2024,13.7400,22,,
GG-0250,10/11/2024,13.7406,22,,
GG-0250,10/11/2024,13.7411,22,,
GG-0250,10/11/2024,13.7417,22,,
GG-0250,10/11/2024,13.7422,22,,
GG-0250,10/11/2024,13.7428,22,,
GG-0250,10/11/2024,13.7433,22,,
GG-0250,10/11/2024,13.7439,22,,
GG-0250,10/11/2024,13.7444,22,,
GG-0250,10/11/2024,13.7450,21,,
GG-0250,10/11/2024,13.7456,21,,
GG-0250,10/11/2024,13.7461,21,,
GG-0250,10/11/2024,13.7467,21,,
GG-0250,10/11/2024,13.7472,21,,
GG-0250,10/11/2024,13.7478,21,,
GG-0250,10/11/2024,13.7483,21,,
GG-0250,10/11/2024,13.7489,21,,
GG-0250,10/11/2024,13.7494,21,,
GG-0250,10/11/2024,13.7500,21,,
GG-0250,10/11/2024,13.7506,20,,
GG-0250,10/11/2024,13.7511,20,,
GG-0250,10/11/2024,13.7517,20,,
GG-0250,10/11/2024,13.7522,20,,
GG-0250,10/11/2024,13.7528,20,,
GG-0250,10/11/2024,13.7533,20,,
GG-0250,10/11/2024,13.7539,20,,
GG-0250,10/11/2024,13.7544,20,,
GG-0250,10/11/2024,13.7550,20,,
GG-0250,10/11/2024,13.7556,20,,
GG-0250,10/11/2024,13.7561,20,,
GG-0250,10/11/2024,13.7567,20,,
GG-0250,10/11/2024,13.7572,19,,
GG-0250,10/11/2024,13.7578,19,,
GG-0250,10/11/2024,13.7583,19,,
GG-0250,10/11/2024,13.7589,19,,
GG-0250,10/11/2024,13.7594,18,,
GG-0250,10/11/2024,13.7600,18,,
GG-0250,10/11/2024,13.7606,18,,
GG-0250,10/11/2024,13.7611,18,,
GG-0250,10/11/2024,13.7617,18,,
GG-0250,10/11/2024,13.7622,18,,
GG-0250,10/11/2024,13.7628,18,,
GG-0250,10/11/2024,13.7633,18,,
GG-0250,10/11/2024,13.7639,18,,
GG-0250,10/11/2024,13.7644,17,,
GG-0250,10/11/2024,13.7650,17,,
GG-0250,10/11/2024,13.7656,17,,
GG-0250,10/11/2024,13.7661,17,,
GG-0250,10/11/2024,13.7667,17,,
GG-0250,10/11/2024,13.7672,17,,
GG-0250,10/11/2024,13.7678,17,,
GG-0250,10/11/2024,13.7683,17,,
GG-0250,10/11/2024,13.7689,17,,
GG-0250,10/11/2024,13.7694,17,,
GG-0250,10/11/2024,13.7700,17,,
GG-0250,10/11/2024,13.7706,17,,
GG-0250,10/11/2024,13.7711,17,,
GG-0250,10/11/2024,13.7717,17,,
GG-0250,10/11/2024,13.7722,17,,
GG-0250,10/11/2024,13.7728,17,,
GG-0250,10/11/2024,13.7733,16,,
GG-0250,10/11/2024,13.7739,16,,
GG-0250,10/11/2024,13.7744,16,,
GG-0250,10/11/2024,13.7750,16,,
GG-0250,10/11/2024,13.7756,16,,
GG-0250,10/11/2024,13.7761,16,,
GG-0250,10/11/2024,13.7767,16,,
GG-0250,10/11/2024,13.7772,16,,
GG-0250,10/11/2024,13.7778,16,,
GG-0250,10/11/2024,13.7783,16,,
GG-0250,10/11/2024,13.7789,16,,
GG-0250,10/11/2024,13.7794,16,,
GG-0250,10/11/2024,13.7800,16,,
GG-0250,10/11/2024,13.7806,16,,
GG-0250,10/11/2024,13.7811,16,,
GG-0250,10/11/2024,13.7817,16,,
GG-0250,10/11/2024,13.7822,16,,
GG-0250,10/11/2024,13.7828,15,,
GG-0250,10/11/2024,13.7833,15,,
GG-0250,10/11/2024,13.7839,15,,
GG-0250,10/11/2024,13.7844,15,,
GG-0250,10/11/2024,13.7850,15,,
GG-0250,10/11/2024,13.7856,15,,
GG-0250,10/11/2024,13.7861,15,,
GG-0250,10/11/2024,13.7867,15,,
GG-0250,10/11/2024,13.7872,15,,
GG-0250,10/11/2024,13.7878,15,,
GG-0250,10/11/2024,13.7883,15,,
GG-0250,10/11/2024,13.7889,15,,
GG-0250,10/11/2024,13.7894,15,,
GG-0250,10/11/2024,13.7900,15,,
GG-0250,10/11/2024,13.7906,15,,
GG-0250,10/11/2024,13.7911,15,,
GG-0250,10/11/2024,13.7917,14,,
GG-0250,10/11/2024,13.7922,14,,
GG-0250,10/11/2024,13.7928,14,,
GG-0250,10/11/2024,13.7933,14,,
GG-0250,10/11/2024,13.7939,14,,
GG-0250,10/11/2024,13.7944,14,,
GG-0250,10/11/2024,13.7950,14,,
GG-0250,10/11/2024,13.7956,14,,
GG-0250,10/11/2024,13.7961,14,,
GG-0250,10/11/2024,13.7967,14,,
GG-0250,10/11/2024,13.7972,14,,
GG-0250,10/11/2024,13.7978,14,,
GG-0250,10/11/2024,13.7983,14,,
GG-0250,10/11/2024,13.7989,14,,
GG-0250,10/11/2024,13.7994,14,,
GG-0250,10/11/2024,13.8000,14,,
GG-0250,10/11/2024,13.8006,14,,
GG-0250,10/11/2024,13.8011,14,,
GG-0250,10/11/2024,13.8017,14,,
GG-0250,10/11/2024,13.8022,14,,
GG-0250,10/11/2024,13.8028,13,,
GG-0250,10/11/2024,13.8033,13,,
GG-0250,10/11/2024,13.8039,13,,
GG-0250,10/11/2024,13.8044,13,,
GG-0250,10/11/2024,13.8050,13,,
GG-0250,10/11/2024,13.8056,13,,
GG-0250,10/11/2024,13.8061,13,,
GG-0250,10/11/2024,13.8067,13,,
GG-0250,10/11/2024,13.8072,13,,
GG-0250,10/11/2024,13.8078,12,,
GG-0250,10/11/2024,13.8083,12,,
GG-0250,10/11/2024,13.8089,12,,
GG-0250,10/11/2024,13.8094,12,,
GG-0250,10/11/2024,13.8100,12,,
GG-0250,10/11/2024,13.8106,12,,
GG-0250,10/11/2024,13.8111,12,,
GG-0250,10/11/2024,13.8117,12,,
GG-0250,10/11/2024,13.8122,12,,
GG-0250,10/11/2024,13.8128,12,,
GG-0250,10/11/2024,13.8133,12,,
GG-0250,10/11/2024,13.8139,12,,
GG-0250,10/11/2024,13.8144,12,,
GG-0250,10/11/2024,13.8150,12,,
GG-0250,10/11/2024,13.8156,12,,
GG-0250,10/11/2024,13.8161,12,,
GG-0250,10/11/2024,13.8167,12,,
GG-0250,10/11/2024,13.8172,11,,
GG-0250,10/11/2024,13.8178,11,,
GG-0250,10/11/2024,13.8183,11,,
GG-0250,10/11/2024,13.8189,11,,
GG-0250,10/11/2024,13.8194,11,,
GG-0250,10/11/2024,13.8200,11,,
GG-0250,10/11/2024,13.8206,11,,
GG-0250,10/11/2024,13.8211,11,,
GG-0250,10/11/2024,13.8217,11,,
GG-0250,10/11/2024,13.8222,11,,
GG-0250,10/11/2024,13.8228,11,,
GG-0250,10/11/2024,13.8233,11,,
GG-0250,10/11/2024,13.8239,11,,
GG-0250,10/11/2024,13.8244,11,,
GG-0250,10/11/2024,13.8250,11,,
GG-0250,10/11/2024,13.8256,11,,
GG-0250,10/11/2024,13.8261,11,,
GG-0250,10/11/2024,13.8267,11,,
GG-0250,10/11/2024,13.8272,11,,
GG-0250,10/11/2024,13.8278,11,,
GG-0250,10/11/2024,13.8283,11,,
GG-0250,10/11/2024,13.8289,11,,
GG-0250,10/11/2024,13.8294,11,,
GG-0250,10/11/2024,13.8300,11,,
GG-0250,10/11/2024,13.8306,11,,
GG-0250,10/11/2024,13.8311,11,,
GG-0250,10/11/2024,13.8317,11,,
GG-0250,10/11/2024,13.8322,11,,
GG-0250,10/11/2024,13.8328,11,,
GG-0250,10/11/2024,13.8333,10,,
GG-0250,10/11/2024,13.8339,10,,
GG-0250,10/11/2024,13.8344,10,,
GG-0250,10/11/2024,13.8350,10,,
GG-0250,10/11/2024,13.8356,10,,
GG-0250,10/11/2024,13.8361,10,,
GG-0250,10/11/2024,13.8367,10,,
GG-0250,10/11/2024,13.8372,10,,
GG-0250,10/11/2024,13.8378,10,,
GG-0250,10/11/2024,13.8383,10,,
GG-0250,10/11/2024,13.8389,10,,
GG-0250,10/11/2024,13.8394,10,,
GG-0250,10/11/2024,13.8400,10,,
GG-0250,10/11/2024,13.8406,10,,
GG-0250,10/11/2024,13.8411,10,,
GG-0250,10/11/2024,13.8417,10,,
GG-0250,10/11/2024,13.8422,10,,
GG-0250,10/11/2024,13.8428,10,,
GG-0250,10/11/2024,13.8433,10,,
GG-0250,10/11/2024,13.8439,10,,
GG-0250,10/11/2024,13.8444,10,,
GG-0250,10/11/2024,13.8450,10,,
GG-0250,10/11/2024,13.8456,9,,
GG-0250,10/11/2024,13.8461,10,,
GG-0250,10/11/2024,13.8467,9,,
GG-0250,10/11/2024,13.8472,9,,
GG-0250,10/11/2024,13.8478,9,,
GG-0250,10/11/2024,13.8483,9,,
GG-0250,10/11/2024,13.8489,9,,
GG-0250,10/11/2024,13.8494,9,,
GG-0250,10/11/2024,13.8500,9,,
GG-0250,10/11/2024,13.8506,9,,
GG-0250,10/11/2024,13.8511,9,,
GG-0250,10/11/2024,13.8517,9,,
GG-0250,10/11/2024,13.8522,9,,
GG-0250,10/11/2024,13.8528,9,,
GG-0250,10/11/2024,13.8533,9,,
GG-0250,10/11/2024,13.8539,9,,
GG-0250,10/11/2024,13.8544,9,,
GG-0250,10/11/2024,13.8550,9,,
GG-0250,10/11/2024,13.8556,9,,
GG-0250,10/11/2024,13.8561,9,,
GG-0250,10/11/2024,13.8567,8,,
GG-0250,10/11/2024,13.8572,8,,
GG-0250,10/11/2024,13.8578,8,,
GG-0250,10/11/2024,13.8583,8,,
GG-0250,10/11/2024,13.8589,8,,
GG-0250,10/11/2024,13.8594,8,,
GG-0250,10/11/2024,13.8600,8,,
GG-0250,10/11/2024,13.8606,8,,
GG-0250,10/11/2024,13.8611,8,,
GG-0250,10/11/2024,13.8617,8,,
GG-0250,10/11/2024,13.8622,8,,
GG-0250,10/11/2024,13.8628,8,,
GG-0250,10/11/2024,13.8633,8,,
GG-0250,10/11/2024,13.8639,8,,
GG-0250,10/11/2024,13.8644,8,,
GG-0250,10/11/2024,13.8650,8,,
GG-0250,10/11/2024,13.8656,8,,
GG-0250,10/11/2024,13.8661,8,,
GG-0250,10/11/2024,13.8667,8,,
GG-0250,10/11/2024,13.8672,8,,
GG-0250,10/11/2024,13.8678,8,,
GG-0250,10/11/2024,13.8683,8,,
GG-0250,10/11/2024,13.8689,7,,
GG-0250,10/11/2024,13.8694,7,,
GG-0250,10/11/2024,13.8700,7,,
GG-0250,10/11/2024,13.8706,7,,
GG-0250,10/11/2024,13.8711,7,,
GG-0250,10/11/2024,13.8717,7,,
GG-0250,10/11/2024,13.8722,7,,
GG-0250,10/11/2024,13.8728,7,,
GG-0250,10/11/2024,13.8733,7,,
GG-0250,10/11/2024,13.8739,7,,
GG-0250,10/11/2024,13.8744,7,,
GG-0250,10/11/2024,13.8750,7,,
GG-0250,10/11/2024,13.8756,7,,
GG-0250,10/11/2024,13.8761,7,,
GG-0250,10/11/2024,13.8767,7,,
GG-0250,10/11/2024,13.8772,7,,
GG-0250,10/11/2024,13.8778,7,,
GG-0250,10/11/2024,13.8783,7,,
GG-0250,10/11/2024,13.8789,7,,
GG-0250,10/11/2024,13.8794,7,,
GG-0250,10/11/2024,13.8800,7,,
GG-0250,10/11/2024,13.8806,7,,
GG-0250,10/11/2024,13.8811,7,,
GG-0250,10/11/2024,13.8817,7,,
GG-0250,10/11/2024,13.8822,7,,
GG-0250,10/11/2024,13.8828,7,,
GG-0250,10/11/2024,13.8833,7,,
GG-0250,10/11/2024,13.8839,7,,
GG-0250,10/11/2024,13.8844,7,,
GG-0250,10/11/2024,13.8850,7,,
GG-0250,10/11/2024,13.8856,7,,
GG-0250,10/11/2024,13.8861,7,,
GG-0250,10/11/2024,13.8867,7,,
GG-0250,10/11/2024,13.8872,7,,
GG-0250,10/11/2024,13.8878,7,,
GG-0250,10/11/2024,13.8883,7,,
GG-0250,10/11/2024,13.8889,7,,
GG-0250,10/11/2024,13.8894,7,,
GG-0250,10/11/2024,13.8900,7,,
GG-0250,10/11/2024,13.8906,7,,
GG-0250,10/11/2024,13.8911,7,,
GG-0250,10/11/2024,13.8917,6,,
GG-0250,10/11/2024,13.8922,6,,
GG-0250,10/11/2024,13.8928,6,,
GG-0250,10/11/2024,13.8933,6,,
GG-0250,10/11/2024,13.8939,7,,
GG-0250,10/11/2024,13.8944,6,,
GG-0250,10/11/2024,13.8950,6,,
GG-0250,10/11/2024,13.8956,6,,
GG-0250,10/11/2024,13.8961,6,,
GG-0250,10/11/2024,13.8967,6,,
GG-0250,10/11/2024,13.8972,6,,
GG-0250,10/11/2024,13.8978,6,,
GG-0250,10/11/2024,13.8983,6,,
GG-0250,10/11/2024,13.8989,6,,
GG-0250,10/11/2024,13.8994,6,,
GG-0250,10/11/2024,13.9000,6,,
GG-0250,10/11/2024,13.9006,6,,
GG-0250,10/11/2024,13.9011,6,,
GG-0250,10/11/2024,13.9017,6,,
GG-0250,10/11/2024,13.9022,6,,
GG-0250,10/11/2024,13.9028,6,,
GG-0250,10/11/2024,13.9033,6,,
GG-0250,10/11/2024,13.9039,6,,
GG-0250,10/11/2024,13.9044,6,,
GG-0250,10/11/2024,13.9050,6,,
GG-0250,10/11/2024,13.9056,5,,
GG-0250,10/11/2024,13.9061,5,,
GG-0250,10/11/2024,13.9067,5,,
GG-0250,10/11/2024,13.9072,5,,
GG-0250,10/11/2024,13.9078,5,,
GG-0250,10/11/2024,13.9083,5,,
GG-0250,10/11/2024,13.9089,5,,
GG-0250,10/11/2024,13.9094,5,,
GG-0250,10/11/2024,13.9100,5,,
GG-0250,10/11/2024,13.9106,5,,
GG-0250,10/11/2024,13.9111,5,,
GG-0250,10/11/2024,13.9117,5,,
GG-0250,10/11/2024,13.9122,5,,
GG-0250,10/11/2024,13.9128,5,,
GG-0250,10/11/2024,13.9133,5,,
GG-0250,10/11/2024,13.9139,5,,
GG-0250,10/11/2024,13.9144,5,,
GG-0250,10/11/2024,13.9150,5,,
GG-0250,10/11/2024,13.9156,5,,
GG-0250,10/11/2024,13.9161,5,,
GG-0250,10/11/2024,13.9167,5,,
GG-0250,10/11/2024,13.9172,5,,
GG-0250,10/11/2024,13.9178,5,,
GG-0250,10/11/2024,13.9183,5,,
GG-0250,10/11/2024,13.9189,5,,
GG-0250,10/11/2024,13.9194,5,,
GG-0250,10/11/2024,13.9200,5,,
GG-0250,10/11/2024,13.9206,5,,
GG-0250,10/11/2024,13.9211,5,,
GG-0250,10/11/2024,13.9217,5,,
GG-0250,10/11/2024,13.9222,5,,
GG-0250,10/11/2024,13.9228,5,,
GG-0250,10/11/2024,13.9233,5,,
GG-0250,10/11/2024,13.9239,4,,
GG-0250,10/11/2024,13.9244,4,,
GG-0250,10/11/2024,13.9250,4,,
GG-0250,10/11/2024,13.9256,4,,
GG-0250,10/11/2024,13.9261,5,,
GG-0250,10/11/2024,13.9267,5,,
GG-0250,10/11/2024,13.9272,5,,
GG-0250,10/11/2024,13.9278,5,,
GG-0250,10/11/2024,13.9283,4,,
GG-0250,10/11/2024,13.9289,4,,
GG-0250,10/11/2024,13.9294,4,,
GG-0250,10/11/2024,13.9300,4,,
GG-0250,10/11/2024,13.9306,4,,
GG-0250,10/11/2024,13.9311,4,,
GG-0250,10/11/2024,13.9317,4,,
GG-0250,10/11/2024,13.9322,4,,
GG-0250,10/11/2024,13.9328,4,,
GG-0250,10/11/2024,13.9333,4,,
GG-0250,10/11/2024,13.9339,4,,
GG-0250,10/11/2024,13.9344,4,,
GG-0250,10/11/2024,13.9350,4,,
GG-0250,10/11/2024,13.9356,4,,
GG-0250,10/11/2024,13.9361,4,,
GG-0250,10/11/2024,13.9367,4,,
GG-0250,10/11/2024,13.9372,4,,
GG-0250,10/11/2024,13.9378,5,,
GG-0250,10/11/2024,13.9383,5,,
GG-0250,10/11/2024,13.9389,5,,
GG-0250,10/11/2024,13.9394,5,,
GG-0250,10/11/2024,13.9400,5,,
GG-0250,10/11/2024,13.9406,5,,
GG-0250,10/11/2024,13.9411,6,,
GG-0250,10/11/2024,13.9417,6,,
GG-0250,10/11/2024,13.9422,7,,
GG-0250,10/11/2024,13.9428,7,,
GG-0250,10/11/2024,13.9433,7,,
GG-0250,10/11/2024,13.9439,7,,
GG-0250,10/11/2024,13.9444,7,,
GG-0250,10/11/2024,13.9450,7,,
GG-0250,10/11/2024,13.9456,7,,
GG-0250,10/11/2024,13.9461,6,,
GG-0250,10/11/2024,13.9467,6,,
GG-0250,10/11/2024,13.9472,6,,
GG-0250,10/11/2024,13.9478,6,,
GG-0250,10/11/2024,13.9483,7,,
GG-0250,10/11/2024,13.9489,7,,
GG-0250,10/11/2024,13.9494,7,,
GG-0250,10/11/2024,13.9500,7,,
GG-0250,10/11/2024,13.9506,7,,
GG-0250,10/11/2024,13.9511,7,,
GG-0250,10/11/2024,13.9517,6,,
GG-0250,10/11/2024,13.9522,6,,
GG-0250,10/11/2024,13.9528,5,,
GG-0250,10/11/2024,13.9533,5,,
GG-0250,10/11/2024,13.9539,4,,
GG-0250,10/11/2024,13.9544,3,,
GG-0250,10/11/2024,13.9550,3,,
GG-0250,10/11/2024,13.9556,3,,
GG-0250,10/11/2024,13.9561,3,,
GG-0250,10/11/2024,13.9567,3,,
GG-0250,10/11/2024,13.9572,3,,
GG-0250,10/11/2024,13.9578,3,,
GG-0250,10/11/2024,13.9583,3,,
GG-0250,10/11/2024,13.9589,3,,
GG-0250,10/11/2024,13.9594,3,,
GG-0250,10/11/2024,13.9600,3,,
GG-0250,10/11/2024,13.9606,3,,
GG-0250,10/11/2024,13.9611,3,,
GG-0250,10/11/2024,13.9617,3,,
GG-0250,10/11/2024,13.9622,3,,
GG-0250,10/11/2024,13.9628,3,,
GG-0250,10/11/2024,13.9633,3,,
GG-0250,10/11/2024,13.9639,3,,
GG-0250,10/11/2024,13.9644,3,,
GG-0250,10/11/2024,13.9650,3,,
GG-0250,10/11/2024,13.9656,3,,
GG-0250,10/11/2024,13.9661,3,,
GG-0250,10/11/2024,13.9667,3,,
GG-0250,10/11/2024,13.9672,3,,
GG-0250,10/11/2024,13.9678,3,,
GG-0250,10/11/2024,13.9683,3,,
GG-0250,10/11/2024,13.9689,3,,
GG-0250,10/11/2024,13.9694,3,,
GG-0250,10/11/2024,13.9700,3,,
GG-0250,10/11/2024,13.9706,3,,
GG-0250,10/11/2024,13.9711,3,,
GG-0250,10/11/2024,13.9717,3,,
GG-0250,10/11/2024,13.9722,3,,
GG-0250,10/11/2024,13.9728,3,,
GG-0250,10/11/2024,13.9733,3,,
GG-0250,10/11/2024,13.9739,3,,
GG-0250,10/11/2024,13.9744,3,,
GG-0250,10/11/2024,13.9750,2,,
GG-0250,10/11/2024,13.9756,2,,
GG-0250,10/11/2024,13.9761,2,,
GG-0250,10/11/2024,13.9767,3,,
GG-0250,10/11/2024,13.9772,3,,
GG-0250,10/11/2024,13.9778,2,,
GG-0250,10/11/2024,13.9783,2,,
GG-0250,10/11/2024,13.9789,3,,
GG-0250,10/11/2024,13.9794,3,,
GG-0250,10/11/2024,13.9800,3,,
GG-0250,10/11/2024,13.9806,2,,
GG-0250,10/11/2024,13.9811,2,,
GG-0250,10/11/2024,13.9817,2,,
GG-0250,10/11/2024,13.9822,2,,
GG-0250,10/11/2024,13.9828,2,,
GG-0250,10/11/2024,13.9833,2,,
GG-0250,10/11/2024,13.9839,2,,
GG-0250,10/11/2024,13.9844,2,,
GG-0250,10/11/2024,13.9850,2,,
GG-0250,10/11/2024,13.9856,2,,
GG-0250,10/11/2024,13.9861,2,,
GG-0250,10/11/2024,13.9867,2,,
GG-0250,10/11/2024,13.9872,2,,
GG-0250,10/11/2024,13.9878,2,,
GG-0250,10/11/2024,13.9883,2,,
GG-0250,10/11/2024,13.9889,2,,
GG-0250,10/11/2024,13.9894,2,,
GG-0250,10/11/2024,13.9900,2,,
GG-0250,10/11/2024,13.9906,2,,
GG-0250,10/11/2024,13.9911,2,,
GG-0250,10/11/2024,13.9917,2,,
GG-0250,10/11/2024,13.9922,2,,
GG-0250,10/11/2024,13.9928,2,,
GG-0250,10/11/2024,13.9933,2,,
GG-0250,10/11/2024,13.9939,2,,
GG-0250,10/11/2024,13.9944,2,,
GG-0250,10/11/2024,13.9950,2,,
GG-0250,10/11/2024,13.9956,2,,
GG-0250,10/11/2024,13.9961,2,,
GG-0250,10/11/2024,13.9967,2,,
GG-0250,10/11/2024,13.9972,2,,
GG-0250,10/11/2024,13.9978,2,,
GG-0250,10/11/2024,13.9983,2,,
GG-0250,10/11/2024,13.9989,2,,
GG-0250,10/11/2024,13.9994,2,,
GG-0250,10/11/2024,14.0000,2,,
GG-0250,10/11/2024,14.0006,2,,
GG-0250,10/11/2024,14.0011,2,,
GG-0250,10/11/2024,14.0017,2,,
GG-0250,10/11/2024,14.0022,2,,
GG-0250,10/11/2024,14.0028,1,,
GG-0250,10/11/2024,14.0033,1,,
GG-0250,10/11/2024,14.0039,1,,
GG-0250,10/11/2024,14.0044,1,,
GG-0250,10/11/2024,14.0050,1,,
GG-0250,10/11/2024,14.0056,1,,
GG-0250,10/11/2024,14.0061,1,,
GG-0250,10/11/2024,14.0067,1,,
GG-0250,10/11/2024,14.0072,1,,
GG-0250,10/11/2024,14.0078,1,,
GG-0250,10/11/2024,14.0083,1,,
GG-0250,10/11/2024,14.0089,1,,
GG-0250,10/11/2024,14.0094,1,,
GG-0250,10/11/2024,14.0100,1,,
GG-0250,10/11/2024,14.0106,1,,
GG-0250,10/11/2024,14.0111,1,,
GG-0250,10/11/2024,14.0117,1,,
GG-0250,10/11/2024,14.0122,1,,
GG-0250,10/11/2024,14.0128,1,,
GG-0250,10/11/2024,14.0133,1,,
GG-0250,10/11/2024,14.0139,1,,
GG-0250,10/11/2024,14.0144,1,,
GG-0250,10/11/2024,14.0150,1,,
GG-0250,10/11/2024,14.0156,1,,
GG-0250,10/11/2024,14.0161,1,,
GG-0250,10/11/2024,14.0167,1,,
GG-0250,10/11/2024,14.0172,1,,
GG-0250,10/11/2024,14.0178,1,,
GG-0250,10/11/2024,14.0183,1,,
GG-0250,10/11/2024,14.0189,1,,
GG-0250,10/11/2024,14.0194,1,,
GG-0250,10/11/2024,14.0200,1,,
GG-0250,10/11/2024,14.0206,1,,
GG-0250,10/11/2024,14.0211,1,,
GG-0250,10/11/2024,14.0217,1,,
GG-0250,10/11/2024,14.0222,1,,
GG-0250,10/11/2024,14.0228,1,,
GG-0250,10/11/2024,14.0233,1,,
GG-0250,10/11/2024,14.0239,1,,
GG-0250,10/11/2024,14.0244,1,,
GG-0250,10/11/2024,14.0250,1,,
GG-0250,10/11/2024,14.0256,1,,
GG-0250,10/11/2024,14.0261,1,,
GG-0250,10/11/2024,14.0267,1,,
GG-0250,10/11/2024,14.0272,0,,
GG-0250,10/11/2024,14.0278,0,,
GG-0250,10/11/2024,14.0283,0,,
STR1,10/11/2024,14.7894,0,,
STR1,10/11/2024,14.7900,0,,
STR1,10/11/2024,14.7906,0,,
STR1,10/11/2024,14.7911,0,,
STR1,10/11/2024,14.7917,0,,
STR1,10/11/2024,14.7922,0,,
STR1,10/11/2024,14.7928,0,,
STR1,10/11/2024,14.7933,0,,
STR1,10/11/2024,14.7939,0,,
STR1,10/11/2024,14.7944,0,,
STR1,10/11/2024,14.7950,0,,
STR1,10/11/2024,14.7956,0,,
STR1,10/11/2024,14.7961,0,,
STR1,10/11/2024,14.7967,0,,
STR1,10/11/2024,14.7972,0,,
STR1,10/11/2024,14.7978,0,,
STR1,10/11/2024,14.7983,0,,
STR1,10/11/2024,14.7989,5,,
STR1,10/11/2024,14.7994,12,,
STR1,10/11/2024,14.8000,24,,
STR1,10/11/2024,14.8006,49,,
STR1,10/11/2024,14.8011,85,,
STR1,10/11/2024,14.8017,116,,
STR1,10/11/2024,14.8022,175,,
STR1,10/11/2024,14.8028,220,,
STR1,10/11/2024,14.8033,290,,
STR1,10/11/2024,14.8039,340,,
STR1,10/11/2024,14.8044,408,,
STR1,10/11/2024,14.8050,449,,
STR1,10/11/2024,14.8056,520,,
STR1,10/11/2024,14.8061,574,,
STR1,10/11/2024,14.8067,648,,
STR1,10/11/2024,14.8072,672,,
STR1,10/11/2024,14.8078,766,,
STR1,10/11/2024,14.8083,821,,
STR1,10/11/2024,14.8089,907,,
STR1,10/11/2024,14.8094,968,,
STR1,10/11/2024,14.8100,1040,,
STR1,10/11/2024,14.8106,1149,,
STR1,10/11/2024,14.8111,1260,,
STR1,10/11/2024,14.8117,1391,,
STR1,10/11/2024,14.8122,1519,,
STR1,10/11/2024,14.8128,1592,,
STR1,10/11/2024,14.8133,1754,,
STR1,10/11/2024,14.8139,1844,,
STR1,10/11/2024,14.8144,2009,,
STR1,10/11/2024,14.8150,2058,,
STR1,10/11/2024,14.8156,2132,,
STR1,10/11/2024,14.8161,2305,,
STR1,10/11/2024,14.8167,2342,,
STR1,10/11/2024,14.8172,2414,,
STR1,10/11/2024,14.8178,2495,,
STR1,10/11/2024,14.8183,2539,,
STR1,10/11/2024,14.8189,2603,,
STR1,10/11/2024,14.8194,2637,,
STR1,10/11/2024,14.8200,2683,,
STR1,10/11/2024,14.8206,2700,,
STR1,10/11/2024,14.8211,2722,,
STR1,10/11/2024,14.8217,2729,,
STR1,10/11/2024,14.8222,2732,,
STR1,10/11/2024,14.8228,2731,,
STR1,10/11/2024,14.8233,2719,,
STR1,10/11/2024,14.8239,2707,,
STR1,10/11/2024,14.8244,2675,,
STR1,10/11/2024,14.8250,2653,,
STR1,10/11/2024,14.8256,2612,,
STR1,10/11/2024,14.8261,2582,,
STR1,10/11/2024,14.8267,2525,,
STR1,10/11/2024,14.8272,2494,,
STR1,10/11/2024,14.8278,2433,,
STR1,10/11/2024,14.8283,2390,,
STR1,10/11/2024,14.8289,2320,,
STR1,10/11/2024,14.8294,2278,,
STR1,10/11/2024,14.8300,2214,,
STR1,10/11/2024,14.8306,2177,,
STR1,10/11/2024,14.8311,2109,,
STR1,10/11/2024,14.8317,2071,,
STR1,10/11/2024,14.8322,2003,,
STR1,10/11/2024,14.8328,1963,,
STR1,10/11/2024,14.8333,1927,,
STR1,10/11/2024,14.8339,1870,,
STR1,10/11/2024,14.8344,1806,,
STR1,10/11/2024,14.8350,1771,,
STR1,10/11/2024,14.8356,1702,,
STR1,10/11/2024,14.8361,1662,,
STR1,10/11/2024,14.8367,1511,,
STR1,10/11/2024,14.8372,1489,,
STR1,10/11/2024,14.8378,1452,,
STR1,10/11/2024,14.8383,1416,,
STR1,10/11/2024,14.8389,1363,,
STR1,10/11/2024,14.8394,1334,,
STR1,10/11/2024,14.8400,1289,,
STR1,10/11/2024,14.8406,1278,,
STR1,10/11/2024,14.8411,1221,,
STR1,10/11/2024,14.8417,1195,,
STR1,10/11/2024,14.8422,1157,,
STR1,10/11/2024,14.8428,1129,,
STR1,10/11/2024,14.8433,1079,,
STR1,10/11/2024,14.8439,1058,,
STR1,10/11/2024,14.8444,1009,,
STR1,10/11/2024,14.8450,992,,
STR1,10/11/2024,14.8456,952,,
STR1,10/11/2024,14.8461,931,,
STR1,10/11/2024,14.8467,894,,
STR1,10/11/2024,14.8472,877,,
STR1,10/11/2024,14.8478,847,,
STR1,10/11/2024,14.8483,827,,
STR1,10/11/2024,14.8489,794,,
STR1,10/11/2024,14.8494,790,,
STR1,10/11/2024,14.8500,768,,
STR1,10/11/2024,14.8506,736,,
STR1,10/11/2024,14.8511,711,,
STR1,10/11/2024,14.8517,698,,
STR1,10/11/2024,14.8522,682,,
STR1,10/11/2024,14.8528,666,,
STR1,10/11/2024,14.8533,631,,
STR1,10/11/2024,14.8539,622,,
STR1,10/11/2024,14.8544,602,,
STR1,10/11/2024,14.8550,590,,
STR1,10/11/2024,14.8556,573,,
STR1,10/11/2024,14.8561,554,,
STR1,10/11/2024,14.8567,538,,
STR1,10/11/2024,14.8572,526,,
STR1,10/11/2024,14.8578,509,,
STR1,10/11/2024,14.8583,498,,
STR1,10/11/2024,14.8589,487,,
STR1,10/11/2024,14.8594,469,,
STR1,10/11/2024,14.8600,459,,
STR1,10/11/2024,14.8606,441,,
STR1,10/11/2024,14.8611,435,,
STR1,10/11/2024,14.8617,432,,
STR1,10/11/2024,14.8622,405,,
STR1,10/11/2024,14.8628,398,,
STR1,10/11/2024,14.8633,393,,
STR1,10/11/2024,14.8639,390,,
STR1,10/11/2024,14.8644,382,,
STR1,10/11/2024,14.8650,377,,
STR1,10/11/2024,14.8656,354,,
STR1,10/11/2024,14.8661,350,,
STR1,10/11/2024,14.8667,346,,
STR1,10/11/2024,14.8672,337,,
STR1,10/11/2024,14.8678,312,,
STR1,10/11/2024,14.8683,306,,
STR1,10/11/2024,14.8689,301,,
STR1,10/11/2024,14.8694,298,,
STR1,10/11/2024,14.8700,291,,
STR1,10/11/2024,14.8706,286,,
STR1,10/11/2024,14.8711,279,,
STR1,10/11/2024,14.8717,274,,
STR1,10/11/2024,14.8722,265,,
STR1,10/11/2024,14.8728,261,,
STR1,10/11/2024,14.8733,256,,
STR1,10/11/2024,14.8739,252,,
STR1,10/11/2024,14.8744,245,,
STR1,10/11/2024,14.8750,240,,
STR1,10/11/2024,14.8756,234,,
STR1,10/11/2024,14.8761,230,,
STR1,10/11/2024,14.8767,222,,
STR1,10/11/2024,14.8772,218,,
STR1,10/11/2024,14.8778,211,,
STR1,10/11/2024,14.8783,207,,
STR1,10/11/2024,14.8789,201,,
STR1,10/11/2024,14.8794,198,,
STR1,10/11/2024,14.8800,192,,
STR1,10/11/2024,14.8806,190,,
STR1,10/11/2024,14.8811,185,,
STR1,10/11/2024,14.8817,182,,
STR1,10/11/2024,14.8822,177,,
STR1,10/11/2024,14.8828,174,,
STR1,10/11/2024,14.8833,171,,
STR1,10/11/2024,14.8839,166,,
STR1,10/11/2024,14.8844,162,,
STR1,10/11/2024,14.8850,159,,
STR1,10/11/2024,14.8856,155,,
STR1,10/11/2024,14.8861,152,,
STR1,10/11/2024,14.8867,149,,
STR1,10/11/2024,14.8872,146,,
STR1,10/11/2024,14.8878,142,,
STR1,10/11/2024,14.8883,140,,
STR1,10/11/2024,14.8889,135,,
STR1,10/11/2024,14.8894,133,,
STR1,10/11/2024,14.8900,129,,
STR1,10/11/2024,14.8906,127,,
STR1,10/11/2024,14.8911,124,,
STR1,10/11/2024,14.8917,122,,
STR1,10/11/2024,14.8922,119,,
STR1,10/11/2024,14.8928,117,,
STR1,10/11/2024,14.8933,113,,
STR1,10/11/2024,14.8939,111,,
STR1,10/11/2024,14.8944,108,,
STR1,10/11/2024,14.8950,107,,
STR1,10/11/2024,14.8956,101,,
STR1,10/11/2024,14.8961,100,,
STR1,10/11/2024,14.8967,98,,
STR1,10/11/2024,14.8972,96,,
STR1,10/11/2024,14.8978,94,,
STR1,10/11/2024,14.8983,93,,
STR1,10/11/2024,14.8989,91,,
STR1,10/11/2024,14.8994,89,,
STR1,10/11/2024,14.9000,88,,
STR1,10/11/2024,14.9006,86,,
STR1,10/11/2024,14.9011,84,,
STR1,10/11/2024,14.9017,83,,
STR1,10/11/2024,14.9022,81,,
STR1,10/11/2024,14.9028,80,,
STR1,10/11/2024,14.9033,77,,
STR1,10/11/2024,14.9039,77,,
STR1,10/11/2024,14.9044,75,,
STR1,10/11/2024,14.9050,74,,
STR1,10/11/2024,14.9056,74,,
STR1,10/11/2024,14.9061,73,,
STR1,10/11/2024,14.9067,71,,
STR1,10/11/2024,14.9072,71,,
STR1,10/11/2024,14.9078,68,,
STR1,10/11/2024,14.9083,67,,
STR1,10/11/2024,14.9089,65,,
STR1,10/11/2024,14.9094,64,,
STR1,10/11/2024,14.9100,63,,
STR1,10/11/2024,14.9106,63,,
STR1,10/11/2024,14.9111,62,,
STR1,10/11/2024,14.9117,59,,
STR1,10/11/2024,14.9122,59,,
STR1,10/11/2024,14.9128,58,,
STR1,10/11/2024,14.9133,56,,
STR1,10/11/2024,14.9139,56,,
STR1,10/11/2024,14.9144,56,,
STR1,10/11/2024,14.9150,55,,
STR1,10/11/2024,14.9156,53,,
STR1,10/11/2024,14.9161,53,,
STR1,10/11/2024,14.9167,53,,
STR1,10/11/2024,14.9172,52,,
STR1,10/11/2024,14.9178,50,,
STR1,10/11/2024,14.9183,50,,
STR1,10/11/2024,14.9189,49,,
STR1,10/11/2024,14.9194,47,,
STR1,10/11/2024,14.9200,46,,
STR1,10/11/2024,14.9206,46,,
STR1,10/11/2024,14.9211,46,,
STR1,10/11/2024,14.9217,45,,
STR1,10/11/2024,14.9222,45,,
STR1,10/11/2024,14.9228,44,,
STR1,10/11/2024,14.9233,44,,
STR1,10/11/2024,14.9239,41,,
STR1,10/11/2024,14.9244,41,,
STR1,10/11/2024,14.9250,41,,
STR1,10/11/2024,14.9256,41,,
STR1,10/11/2024,14.9261,40,,
STR1,10/11/2024,14.9267,40,,
STR1,10/11/2024,14.9272,39,,
STR1,10/11/2024,14.9278,38,,
STR1,10/11/2024,14.9283,38,,
STR1,10/11/2024,14.9289,37,,
STR1,10/11/2024,14.9294,37,,
STR1,10/11/2024,14.9300,36,,
STR1,10/11/2024,14.9306,36,,
STR1,10/11/2024,14.9311,35,,
STR1,10/11/2024,14.9317,35,,
STR1,10/11/2024,14.9322,34,,
STR1,10/11/2024,14.9328,34,,
STR1,10/11/2024,14.9333,33,,
STR1,10/11/2024,14.9339,33,,
STR1,10/11/2024,14.9344,32,,
STR1,10/11/2024,14.9350,32,,
STR1,10/11/2024,14.9356,32,,
STR1,10/11/2024,14.9361,31,,
STR1,10/11/2024,14.9367,31,,
STR1,10/11/2024,14.9372,31,,
STR1,10/11/2024,14.9378,30,,
STR1,10/11/2024,14.9383,30,,
STR1,10/11/2024,14.9389,29,,
STR1,10/11/2024,14.9394,29,,
STR1,10/11/2024,14.9400,28,,
STR1,10/11/2024,14.9406,28,,
STR1,10/11/2024,14.9411,28,,
STR1,10/11/2024,14.9417,27,,
STR1,10/11/2024,14.9422,27,,
STR1,10/11/2024,14.9428,27,,
STR1,10/11/2024,14.9433,26,,
STR1,10/11/2024,14.9439,26,,
STR1,10/11/2024,14.9444,26,,
STR1,10/11/2024,14.9450,26,,
STR1,10/11/2024,14.9456,25,,
STR1,10/11/2024,14.9461,25,,
STR1,10/11/2024,14.9467,25,,
STR1,10/11/2024,14.9472,24,,
STR1,10/11/2024,14.9478,24,,
STR1,10/11/2024,14.9483,24,,
STR1,10/11/2024,14.9489,24,,
STR1,10/11/2024,14.9494,23,,
STR1,10/11/2024,14.9500,23,,
STR1,10/11/2024,14.9506,23,,
STR1,10/11/2024,14.9511,22,,
STR1,10/11/2024,14.9517,22,,
STR1,10/11/2024,14.9522,22,,
STR1,10/11/2024,14.9528,22,,
STR1,10/11/2024,14.9533,21,,
STR1,10/11/2024,14.9539,21,,
STR1,10/11/2024,14.9544,21,,
STR1,10/11/2024,14.9550,21,,
STR1,10/11/2024,14.9556,21,,
STR1,10/11/2024,14.9561,20,,
STR1,10/11/2024,14.9567,20,,
STR1,10/11/2024,14.9572,20,,
STR1,10/11/2024,14.9578,20,,
STR1,10/11/2024,14.9583,20,,
STR1,10/11/2024,14.9589,19,,
STR1,10/11/2024,14.9594,19,,
STR1,10/11/2024,14.9600,19,,
STR1,10/11/2024,14.9606,19,,
STR1,10/11/2024,14.9611,19,,
STR1,10/11/2024,14.9617,18,,
STR1,10/11/2024,14.9622,18,,
STR1,10/11/2024,14.9628,18,,
STR1,10/11/2024,14.9633,18,,
STR1,10/11/2024,14.9639,18,,
STR1,10/11/2024,14.9644,17,,
STR1,10/11/2024,14.9650,17,,
STR1,10/11/2024,14.9656,17,,
STR1,10/11/2024,14.9661,17,,
STR1,10/11/2024,14.9667,17,,
STR1,10/11/2024,14.9672,16,,
STR1,10/11/2024,14.9678,16,,
STR1,10/11/2024,14.9683,16,,
STR1,10/11/2024,14.9689,16,,
STR1,10/11/2024,14.9694,16,,
STR1,10/11/2024,14.9700,15,,
STR1,10/11/2024,14.9706,15,,
STR1,10/11/2024,14.9711,15,,
STR1,10/11/2024,14.9717,15,,
STR1,10/11/2024,14.9722,15,,
STR1,10/11/2024,14.9728,15,,
STR1,10/11/2024,14.9733,15,,
STR1,10/11/2024,14.9739,14,,
STR1,10/11/2024,14.9744,14,,
STR1,10/11/2024,14.9750,14,,
STR1,10/11/2024,14.9756,14,,
STR1,10/11/2024,14.9761,14,,
STR1,10/11/2024,14.9767,14,,
STR1,10/11/2024,14.9772,13,,
STR1,10/11/2024,14.9778,13,,
STR1,10/11/2024,14.9783,13,,
STR1,10/11/2024,14.9789,13,,
STR1,10/11/2024,14.9794,13,,
STR1,10/11/2024,14.9800,13,,
STR1,10/11/2024,14.9806,13,,
STR1,10/11/2024,14.9811,12,,
STR1,10/11/2024,14.9817,12,,
STR1,10/11/2024,14.9822,12,,
STR1,10/11/2024,14.9828,12,,
STR1,10/11/2024,14.9833,12,,
STR1,10/11/2024,14.9839,12,,
STR1,10/11/2024,14.9844,12,,
STR1,10/11/2024,14.9850,12,,
STR1,10/11/2024,14.9856,12,,
STR1,10/11/2024,14.9861,12,,
STR1,10/11/2024,14.9867,12,,
STR1,10/11/2024,14.9872,12,,
STR1,10/11/2024,14.9878,11,,
STR1,10/11/2024,14.9883,11,,
STR1,10/11/2024,14.9889,11,,
STR1,10/11/2024,14.9894,11,,
STR1,10/11/2024,14.9900,11,,
STR1,10/11/2024,14.9906,11,,
STR1,10/11/2024,14.9911,11,,
STR1,10/11/2024,14.9917,11,,
STR1,10/11/2024,14.9922,11,,
STR1,10/11/2024,14.9928,11,,
STR1,10/11/2024,14.9933,10,,
STR1,10/11/2024,14.9939,10,,
STR1,10/11/2024,14.9944,10,,
STR1,10/11/2024,14.9950,10,,
STR1,10/11/2024,14.9956,10,,
STR1,10/11/2024,14.9961,10,,
STR1,10/11/2024,14.9967,10,,
STR1,10/11/2024,14.9972,10,,
STR1,10/11/2024,14.9978,10,,
STR1,10/11/2024,14.9983,10,,
STR1,10/11/2024,14.9989,10,,
STR1,10/11/2024,14.9994,10,,
STR1,10/11/2024,15.0000,9,,
STR1,10/11/2024,15.0006,9,,
STR1,10/11/2024,15.0011,9,,
STR1,10/11/2024,15.0017,9,,
STR1,10/11/2024,15.0022,9,,
STR1,10/11/2024,15.0028,9,,
STR1,10/11/2024,15.0033,9,,
STR1,10/11/2024,15.0039,9,,
STR1,10/11/2024,15.0044,9,,
STR1,10/11/2024,15.0050,9,,
STR1,10/11/2024,15.0056,9,,
STR1,10/11/2024,15.0061,9,,
STR1,10/11/2024,15.0067,9,,
STR1,10/11/2024,15.0072,9,,
STR1,10/11/2024,15.0078,8,,
STR1,10/11/2024,15.0083,8,,
STR1,10/11/2024,15.0089,8,,
STR1,10/11/2024,15.0094,8,,
STR1,10/11/2024,15.0100,8,,
STR1,10/11/2024,15.0106,8,,
STR1,10/11/2024,15.0111,8,,
STR1,10/11/2024,15.0117,8,,
STR1,10/11/2024,15.0122,8,,
STR1,10/11/2024,15.0128,8,,
STR1,10/11/2024,15.0133,8,,
STR1,10/11/2024,15.0139,8,,
STR1,10/11/2024,15.0144,8,,
STR1,10/11/2024,15.0150,8,,
STR1,10/11/2024,15.0156,8,,
STR1,10/11/2024,15.0161,8,,
STR1,10/11/2024,15.0167,8,,
STR1,10/11/2024,15.0172,7,,
STR1,10/11/2024,15.0178,7,,
STR1,10/11/2024,15.0183,7,,
STR1,10/11/2024,15.0189,7,,
STR1,10/11/2024,15.0194,7,,
STR1,10/11/2024,15.0200,7,,
STR1,10/11/2024,15.0206,7,,
STR1,10/11/2024,15.0211,7,,
STR1,10/11/2024,15.0217,7,,
STR1,10/11/2024,15.0222,7,,
STR1,10/11/2024,15.0228,7,,
STR1,10/11/2024,15.0233,7,,
STR1,10/11/2024,15.0239,7,,
STR1,10/11/2024,15.0244,7,,
STR1,10/11/2024,15.0250,7,,
STR1,10/11/2024,15.0256,7,,
STR1,10/11/2024,15.0261,6,,
STR1,10/11/2024,15.0267,6,,
STR1,10/11/2024,15.0272,6,,
STR1,10/11/2024,15.0278,6,,
STR1,10/11/2024,15.0283,6,,
STR1,10/11/2024,15.0289,6,,
STR1,10/11/2024,15.0294,6,,
STR1,10/11/2024,15.0300,6,,
STR1,10/11/2024,15.0306,6,,
STR1,10/11/2024,15.0311,6,,
STR1,10/11/2024,15.0317,6,,
STR1,10/11/2024,15.0322,6,,
STR1,10/11/2024,15.0328,6,,
STR1,10/11/2024,15.0333,6,,
STR1,10/11/2024,15.0339,6,,
STR1,10/11/2024,15.0344,6,,
STR1,10/11/2024,15.0350,6,,
STR1,10/11/2024,15.0356,6,,
STR1,10/11/2024,15.0361,6,,
STR1,10/11/2024,15.0367,6,,
STR1,10/11/2024,15.0372,6,,
STR1,10/11/2024,15.0378,6,,
STR1,10/11/2024,15.0383,6,,
STR1,10/11/2024,15.0389,6,,
STR1,10/11/2024,15.0394,6,,
STR1,10/11/2024,15.0400,5,,
STR1,10/11/2024,15.0406,5,,
STR1,10/11/2024,15.0411,5,,
STR1,10/11/2024,15.0417,5,,
STR1,10/11/2024,15.0422,5,,
STR1,10/11/2024,15.0428,5,,
STR1,10/11/2024,15.0433,5,,
STR1,10/11/2024,15.0439,5,,
STR1,10/11/2024,15.0444,5,,
STR1,10/11/2024,15.0450,5,,
STR1,10/11/2024,15.0456,5,,
STR1,10/11/2024,15.0461,5,,
STR1,10/11/2024,15.0467,5,,
STR1,10/11/2024,15.0472,5,,
STR1,10/11/2024,15.0478,5,,
STR1,10/11/2024,15.0483,5,,
STR1,10/11/2024,15.0489,5,,
STR1,10/11/2024,15.0494,5,,
STR1,10/11/2024,15.0500,5,,
STR1,10/11/2024,15.0506,5,,
STR1,10/11/2024,15.0511,5,,
STR1,10/11/2024,15.0517,5,,
STR1,10/11/2024,15.0522,5,,
STR1,10/11/2024,15.0528,5,,
STR1,10/11/2024,15.0533,5,,
STR1,10/11/2024,15.0539,5,,
STR1,10/11/2024,15.0544,5,,
STR1,10/11/2024,15.0550,5,,
STR1,10/11/2024,15.0556,4,,
STR1,10/11/2024,15.0561,4,,
STR1,10/11/2024,15.0567,4,,
STR1,10/11/2024,15.0572,4,,
STR1,10/11/2024,15.0578,4,,
STR1,10/11/2024,15.0583,4,,
STR1,10/11/2024,15.0589,4,,
STR1,10/11/2024,15.0594,4,,
STR1,10/11/2024,15.0600,4,,
STR1,10/11/2024,15.0606,4,,
STR1,10/11/2024,15.0611,4,,
STR1,10/11/2024,15.0617,4,,
STR1,10/11/2024,15.0622,4,,
STR1,10/11/2024,15.0628,4,,
STR1,10/11/2024,15.0633,4,,
STR1,10/11/2024,15.0639,4,,
STR1,10/11/2024,15.0644,4,,
STR1,10/11/2024,15.0650,4,,
STR1,10/11/2024,15.0656,4,,
STR1,10/11/2024,15.0661,4,,
STR1,10/11/2024,15.0667,4,,
STR1,10/11/2024,15.0672,4,,
STR1,10/11/2024,15.0678,4,,
STR1,10/11/2024,15.0683,4,,
STR1,10/11/2024,15.0689,4,,
STR1,10/11/2024,15.0694,4,,
STR1,10/11/2024,15.0700,4,,
STR1,10/11/2024,15.0706,4,,
STR1,10/11/2024,15.0711,4,,
STR1,10/11/2024,15.0717,4,,
STR1,10/11/2024,15.0722,4,,
STR1,10/11/2024,15.0728,4,,
STR1,10/11/2024,15.0733,4,,
STR1,10/11/2024,15.0739,4,,
STR1,10/11/2024,15.0744,4,,
STR1,10/11/2024,15.0750,4,,
STR1,10/11/2024,15.0756,3,,
STR1,10/11/2024,15.0761,3,,
STR1,10/11/2024,15.0767,3,,
STR1,10/11/2024,15.0772,3,,
STR1,10/11/2024,15.0778,3,,
STR1,10/11/2024,15.0783,3,,
STR1,10/11/2024,15.0789,3,,
STR1,10/11/2024,15.0794,3,,
STR1,10/11/2024,15.0800,3,,
STR1,10/11/2024,15.0806,3,,
STR1,10/11/2024,15.0811,3,,
STR1,10/11/2024,15.0817,3,,
STR1,10/11/2024,15.0822,3,,
STR1,10/11/2024,15.0828,3,,
STR1,10/11/2024,15.0833,3,,
STR1,10/11/2024,15.0839,3,,
STR1,10/11/2024,15.0844,3,,
STR1,10/11/2024,15.0850,3,,
STR1,10/11/2024,15.0856,3,,
STR1,10/11/2024,15.0861,3,,
STR1,10/11/2024,15.0867,3,,
STR1,10/11/2024,15.0872,3,,
STR1,10/11/2024,15.0878,3,,
STR1,10/11/2024,15.0883,3,,
STR1,10/11/2024,15.0889,3,,
STR1,10/11/2024,15.0894,3,,
STR1,10/11/2024,15.0900,3,,
STR1,10/11/2024,15.0906,3,,
STR1,10/11/2024,15.0911,3,,
STR1,10/11/2024,15.0917,3,,
STR1,10/11/2024,15.0922,3,,
STR1,10/11/2024,15.0928,3,,
STR1,10/11/2024,15.0933,3,,
STR1,10/11/2024,15.0939,3,,
STR1,10/11/2024,15.0944,3,,
STR1,10/11/2024,15.0950,3,,
STR1,10/11/2024,15.0956,3,,
STR1,10/11/2024,15.0961,3,,
STR1,10/11/2024,15.0967,3,,
STR1,10/11/2024,15.0972,3,,
STR1,10/11/2024,15.0978,2,,
STR1,10/11/2024,15.0983,2,,
STR1,10/11/2024,15.0989,2,,
STR1,10/11/2024,15.0994,2,,
STR1,10/11/2024,15.1000,2,,
STR1,10/11/2024,15.1006,2,,
STR1,10/11/2024,15.1011,2,,
STR1,10/11/2024,15.1017,2,,
STR1,10/11/2024,15.1022,2,,
STR1,10/11/2024,15.1028,2,,
STR1,10/11/2024,15.1033,2,,
STR1,10/11/2024,15.1039,2,,
STR1,10/11/2024,15.1044,2,,
STR1,10/11/2024,15.1050,2,,
STR1,10/11/2024,15.1056,2,,
STR1,10/11/2024,15.1061,2,,
STR1,10/11/2024,15.1067,2,,
STR1,10/11/2024,15.1072,2,,
STR1,10/11/2024,15.1078,2,,
STR1,10/11/2024,15.1083,2,,
STR1,10/11/2024,15.1089,2,,
STR1,10/11/2024,15.1094,2,,
STR1,10/11/2024,15.1100,2,,
STR1,10/11/2024,15.1106,2,,
STR1,10/11/2024,15.1111,2,,
STR1,10/11/2024,15.1117,2,,
STR1,10/11/2024,15.1122,2,,
STR1,10/11/2024,15.1128,2,,
STR1,10/11/2024,15.1133,2,,
STR1,10/11/2024,15.1139,2,,
STR1,10/11/2024,15.1144,2,,
STR1,10/11/2024,15.1150,2,,
STR1,10/11/2024,15.1156,2,,
STR1,10/11/2024,15.1161,2,,
STR1,10/11/2024,15.1167,2,,
STR1,10/11/2024,15.1172,2,,
STR1,10/11/2024,15.1178,2,,
STR1,10/11/2024,15.1183,2,,
STR1,10/11/2024,15.1189,2,,
STR1,10/11/2024,15.1194,2,,
STR1,10/11/2024,15.1200,2,,
STR1,10/11/2024,15.1206,2,,
STR1,10/11/2024,15.1211,2,,
STR1,10/11/2024,15.1217,2,,
STR1,10/11/2024,15.1222,2,,
STR1,10/11/2024,15.1228,2,,
STR1,10/11/2024,15.1233,2,,
STR1,10/11/2024,15.1239,2,,
STR1,10/11/2024,15.1244,2,,
STR1,10/11/2024,15.1250,2,,
STR1,10/11/2024,15.1256,2,,
STR1,10/11/2024,15.1261,2,,
STR1,10/11/2024,15.1267,2,,
STR1,10/11/2024,15.1272,2,,
STR1,10/11/2024,15.1278,2,,
STR1,10/11/2024,15.1283,2,,
STR1,10/11/2024,15.1289,2,,
STR1,10/11/2024,15.1294,2,,
STR1,10/11/2024,15.1300,2,,
STR1,10/11/2024,15.1306,2,,
STR1,10/11/2024,15.1311,2,,
STR1,10/11/2024,15.1317,2,,
STR1,10/11/2024,15.1322,2,,
STR1,10/11/2024,15.1328,2,,
STR1,10/11/2024,15.1333,2,,
STR1,10/11/2024,15.1339,1,,
STR1,10/11/2024,15.1344,1,,
STR1,10/11/2024,15.1350,1,,
STR1,10/11/2024,15.1356,1,,
STR1,10/11/2024,15.1361,1,,
STR1,10/11/2024,15.1367,1,,
STR1,10/11/2024,15.1372,1,,
STR1,10/11/2024,15.1378,1,,
STR1,10/11/2024,15.1383,1,,
STR1,10/11/2024,15.1389,1,,
STR1,10/11/2024,15.1394,1,,
STR1,10/11/2024,15.1400,1,,
STR1,10/11/2024,15.1406,1,,
STR1,10/11/2024,15.1411,1,,
STR1,10/11/2024,15.1417,1,,
STR1,10/11/2024,15.1422,1,,
STR1,10/11/2024,15.1428,1,,
STR1,10/11/2024,15.1433,1,,
STR1,10/11/2024,15.1439,1,,
STR1,10/11/2024,15.1444,1,,
STR1,10/11/2024,15.1450,1,,
STR1,10/11/2024,15.1456,1,,
STR1,10/11/2024,15.1461,1,,
STR1,10/11/2024,15.1467,1,,
STR1,10/11/2024,15.1472,1,,
STR1,10/11/2024,15.1478,1,,
STR1,10/11/2024,15.1483,1,,
STR1,10/11/2024,15.1489,1,,
STR1,10/11/2024,15.1494,1,,
STR1,10/11/2024,15.1500,1,,
STR1,10/11/2024,15.1506,1,,
STR1,10/11/2024,15.1511,1,,
STR1,10/11/2024,15.1517,1,,
STR1,10/11/2024,15.1522,1,,
STR1,10/11/2024,15.1528,1,,
STR1,10/11/2024,15.1533,1,,
STR1,10/11/2024,15.1539,1,,
STR1,10/11/2024,15.1544,1,,
STR1,10/11/2024,15.1550,1,,
STR1,10/11/2024,15.1556,1,,
STR1,10/11/2024,15.1561,1,,
STR1,10/11/2024,15.1567,1,,
STR1,10/11/2024,15.1572,1,,
STR1,10/11/2024,15.1578,1,,
STR1,10/11/2024,15.1583,1,,
STR1,10/11/2024,15.1589,1,,
STR1,10/11/2024,15.1594,1,,
STR1,10/11/2024,15.1600,1,,
STR1,10/11/2024,15.1606,1,,
STR1,10/11/2024,15.1611,1,,
STR1,10/11/2024,15.1617,1,,
STR1,10/11/2024,15.1622,1,,
STR1,10/11/2024,15.1628,1,,
STR1,10/11/2024,15.1633,1,,
STR1,10/11/2024,15.1639,1,,
STR1,10/11/2024,15.1644,1,,
STR1,10/11/2024,15.1650,1,,
STR1,10/11/2024,15.1656,1,,
STR1,10/11/2024,15.1661,1,,
STR1,10/11/2024,15.1667,1,,
STR1,10/11/2024,15.1672,1,,
STR1,10/11/2024,15.1678,1,,
STR1,10/11/2024,15.1683,1,,
STR1,10/11/2024,15.1689,1,,
STR1,10/11/2024,15.1694,1,,
STR1,10/11/2024,15.1700,1,,
STR1,10/11/2024,15.1706,1,,
STR1,10/11/2024,15.1711,1,,
STR1,10/11/2024,15.1717,1,,
STR1,10/11/2024,15.1722,1,,
STR1,10/11/2024,15.1728,1,,
STR1,10/11/2024,15.1733,1,,
STR1,10/11/2024,15.1739,1,,
STR1,10/11/2024,15.1744,1,,
STR1,10/11/2024,15.1750,1,,
STR1,10/11/2024,15.1756,1,,
STR1,10/11/2024,15.1761,1,,
STR1,10/11/2024,15.1767,1,,
STR1,10/11/2024,15.1772,1,,
STR1,10/11/2024,15.1778,1,,
STR1,10/11/2024,15.1783,1,,
STR1,10/11/2024,15.1789,1,,
STR1,10/11/2024,15.1794,1,,
STR1,10/11/2024,15.1800,1,,
STR1,10/11/2024,15.1806,1,,
STR1,10/11/2024,15.1811,1,,
STR1,10/11/2024,15.1817,1,,
STR1,10/11/2024,15.1822,0,,
STR1,10/11/2024,15.1828,0,,
STR1,10/11/2024,15.1833,0,,
STR1,10/11/2024,15.1839,0,,
STR1,10/11/2024,15.1844,0,,
STR1,10/11/2024,15.1850,0,,
STR1,10/11/2024,15.1856,0,,
STR1,10/11/2024,15.1861,0,,
STR1,10/11/2024,15.1867,0,,
STR1,10/11/2024,15.1872,0,,
STR1,10/11/2024,15.1878,0,,
STR1,10/11/2024,15.1883,0,,
STR1,10/11/2024,15.1889,0,,
STR1,10/11/2024,15.1894,0,,
STR1,10/11/2024,15.1900,0,,
STR1,10/11/2024,15.1906,0,,
PTL2-GG393,10/11/2024,15.6811,0,,
PTL2-GG393,10/11/2024,15.6819,0,,
PTL2-GG393,10/11/2024,15.6822,0,,
PTL2-GG393,10/11/2024,15.6831,0,,
PTL2-GG393,10/11/2024,15.6833,0,,
PTL2-GG393,10/11/2024,15.6839,0,,
PTL2-GG393,10/11/2024,15.6844,0,,
PTL2-GG393,10/11/2024,15.6853,0,,
PTL2-GG393,10/11/2024,15.6856,0,,
PTL2-GG393,10/11/2024,15.6864,0,,
PTL2-GG393,10/11/2024,15.6867,0,,
PTL2-GG393,10/11/2024,15.6875,0,,
PTL2-GG393,10/11/2024,15.6878,0,,
PTL2-GG393,10/11/2024,15.6886,0,,
PTL2-GG393,10/11/2024,15.6889,0,,
PTL2-GG393,10/11/2024,15.6897,0,,
PTL2-GG393,10/11/2024,15.6900,0,,
PTL2-GG393,10/11/2024,15.6908,0,,
PTL2-GG393,10/11/2024,15.6911,0,,
PTL2-GG393,10/11/2024,15.6919,0,,
PTL2-GG393,10/11/2024,15.6922,0,,
PTL2-GG393,10/11/2024,15.6931,0,,
PTL2-GG393,10/11/2024,15.6933,0,,
PTL2-GG393,10/11/2024,15.6942,0,,
PTL2-GG393,10/11/2024,15.6944,0,,
PTL2-GG393,10/11/2024,15.6953,0,,
PTL2-GG393,10/11/2024,15.6956,0,,
PTL2-GG393,10/11/2024,15.6964,0,,
PTL2-GG393,10/11/2024,15.6967,0,,
PTL2-GG393,10/11/2024,15.6975,0,,
PTL2-GG393,10/11/2024,15.6978,0,,
PTL2-GG393,10/11/2024,15.6986,0,,
PTL2-GG393,10/11/2024,15.6997,0,,
PTL2-GG393,10/11/2024,15.7000,0,,
PTL2-GG393,10/11/2024,15.7006,2,,
PTL2-GG393,10/11/2024,15.7011,4,,
PTL2-GG393,10/11/2024,15.7019,10,,
PTL2-GG393,10/11/2024,15.7022,34,,
PTL2-GG393,10/11/2024,15.7031,37,,
PTL2-GG393,10/11/2024,15.7033,52,,
PTL2-GG393,10/11/2024,15.7042,111,,
PTL2-GG393,10/11/2024,15.7044,141,,
PTL2-GG393,10/11/2024,15.7053,180,,
PTL2-GG393,10/11/2024,15.7056,212,,
PTL2-GG393,10/11/2024,15.7064,275,,
PTL2-GG393,10/11/2024,15.7067,312,,
PTL2-GG393,10/11/2024,15.7075,389,,
PTL2-GG393,10/11/2024,15.7078,432,,
PTL2-GG393,10/11/2024,15.7086,509,,
PTL2-GG393,10/11/2024,15.7089,567,,
PTL2-GG393,10/11/2024,15.7097,658,,
PTL2-GG393,10/11/2024,15.7100,725,,
PTL2-GG393,10/11/2024,15.7108,838,,
PTL2-GG393,10/11/2024,15.7111,909,,
PTL2-GG393,10/11/2024,15.7119,1038,,
PTL2-GG393,10/11/2024,15.7122,1101,,
PTL2-GG393,10/11/2024,15.7131,1235,,
PTL2-GG393,10/11/2024,15.7133,1310,,
PTL2-GG393,10/11/2024,15.7142,1411,,
PTL2-GG393,10/11/2024,15.7144,1541,,
PTL2-GG393,10/11/2024,15.7153,1665,,
PTL2-GG393,10/11/2024,15.7156,1730,,
PTL2-GG393,10/11/2024,15.7164,1829,,
PTL2-GG393,10/11/2024,15.7167,1846,,
PTL2-GG393,10/11/2024,15.7172,1882,,
PTL2-GG393,10/11/2024,15.7178,1909,,
PTL2-GG393,10/11/2024,15.7186,1935,,
PTL2-GG393,10/11/2024,15.7189,1943,,
PTL2-GG393,10/11/2024,15.7197,1940,,
PTL2-GG393,10/11/2024,15.7200,1926,,
PTL2-GG393,10/11/2024,15.7208,1883,,
PTL2-GG393,10/11/2024,15.7211,1845,,
PTL2-GG393,10/11/2024,15.7219,1770,,
PTL2-GG393,10/11/2024,15.7222,1717,,
PTL2-GG393,10/11/2024,15.7231,1455,,
PTL2-GG393,10/11/2024,15.7233,1391,,
PTL2-GG393,10/11/2024,15.7242,1275,,
PTL2-GG393,10/11/2024,15.7244,1245,,
PTL2-GG393,10/11/2024,15.7253,1185,,
PTL2-GG393,10/11/2024,15.7256,1137,,
PTL2-GG393,10/11/2024,15.7264,907,,
PTL2-GG393,10/11/2024,15.7267,842,,
PTL2-GG393,10/11/2024,15.7275,752,,
PTL2-GG393,10/11/2024,15.7278,704,,
PTL2-GG393,10/11/2024,15.7286,627,,
PTL2-GG393,10/11/2024,15.7289,583,,
PTL2-GG393,10/11/2024,15.7297,508,,
PTL2-GG393,10/11/2024,15.7300,476,,
PTL2-GG393,10/11/2024,15.7308,423,,
PTL2-GG393,10/11/2024,15.7311,395,,
PTL2-GG393,10/11/2024,15.7319,350,,
PTL2-GG393,10/11/2024,15.7322,323,,
PTL2-GG393,10/11/2024,15.7331,289,,
PTL2-GG393,10/11/2024,15.7333,277,,
PTL2-GG393,10/11/2024,15.7339,246,,
PTL2-GG393,10/11/2024,15.7344,225,,
PTL2-GG393,10/11/2024,15.7353,199,,
PTL2-GG393,10/11/2024,15.7356,188,,
PTL2-GG393,10/11/2024,15.7364,168,,
PTL2-GG393,10/11/2024,15.7367,160,,
PTL2-GG393,10/11/2024,15.7375,144,,
PTL2-GG393,10/11/2024,15.7378,134,,
PTL2-GG393,10/11/2024,15.7386,128,,
PTL2-GG393,10/11/2024,15.7389,124,,
PTL2-GG393,10/11/2024,15.7397,117,,
PTL2-GG393,10/11/2024,15.7400,100,,
PTL2-GG393,10/11/2024,15.7408,96,,
PTL2-GG393,10/11/2024,15.7411,93,,
PTL2-GG393,10/11/2024,15.7419,70,,
PTL2-GG393,10/11/2024,15.7422,78,,
PTL2-GG393,10/11/2024,15.7431,75,,
PTL2-GG393,10/11/2024,15.7433,73,,
PTL2-GG393,10/11/2024,15.7442,69,,
PTL2-GG393,10/11/2024,15.7444,66,,
PTL2-GG393,10/11/2024,15.7453,61,,
PTL2-GG393,10/11/2024,15.7456,58,,
PTL2-GG393,10/11/2024,15.7464,54,,
PTL2-GG393,10/11/2024,15.7467,52,,
PTL2-GG393,10/11/2024,15.7475,48,,
PTL2-GG393,10/11/2024,15.7478,46,,
PTL2-GG393,10/11/2024,15.7486,43,,
PTL2-GG393,10/11/2024,15.7489,42,,
PTL2-GG393,10/11/2024,15.7497,39,,
PTL2-GG393,10/11/2024,15.7500,38,,
PTL2-GG393,10/11/2024,15.7506,35,,
PTL2-GG393,10/11/2024,15.7511,33,,
PTL2-GG393,10/11/2024,15.7519,28,,
PTL2-GG393,10/11/2024,15.7522,26,,
PTL2-GG393,10/11/2024,15.7531,26,,
PTL2-GG393,10/11/2024,15.7533,25,,
PTL2-GG393,10/11/2024,15.7542,23,,
PTL2-GG393,10/11/2024,15.7544,23,,
PTL2-GG393,10/11/2024,15.7553,22,,
PTL2-GG393,10/11/2024,15.7556,21,,
PTL2-GG393,10/11/2024,15.7564,21,,
PTL2-GG393,10/11/2024,15.7567,20,,
PTL2-GG393,10/11/2024,15.7575,19,,
PTL2-GG393,10/11/2024,15.7578,19,,
PTL2-GG393,10/11/2024,15.7586,18,,
PTL2-GG393,10/11/2024,15.7589,17,,
PTL2-GG393,10/11/2024,15.7597,16,,
PTL2-GG393,10/11/2024,15.7600,16,,
PTL2-GG393,10/11/2024,15.7608,15,,
PTL2-GG393,10/11/2024,15.7611,15,,
PTL2-GG393,10/11/2024,15.7619,14,,
PTL2-GG393,10/11/2024,15.7622,13,,
PTL2-GG393,10/11/2024,15.7631,13,,
PTL2-GG393,10/11/2024,15.7633,12,,
PTL2-GG393,10/11/2024,15.7642,11,,
PTL2-GG393,10/11/2024,15.7644,11,,
PTL2-GG393,10/11/2024,15.7653,11,,
PTL2-GG393,10/11/2024,15.7656,10,,
PTL2-GG393,10/11/2024,15.7664,10,,
PTL2-GG393,10/11/2024,15.7667,10,,
PTL2-GG393,10/11/2024,15.7672,9,,
PTL2-GG393,10/11/2024,15.7678,9,,
PTL2-GG393,10/11/2024,15.7686,9,,
PTL2-GG393,10/11/2024,15.7689,9,,
PTL2-GG393,10/11/2024,15.7697,8,,
PTL2-GG393,10/11/2024,15.7708,8,,
PTL2-GG393,10/11/2024,15.7711,8,,
PTL2-GG393,10/11/2024,15.7719,7,,
PTL2-GG393,10/11/2024,15.7722,7,,
PTL2-GG393,10/11/2024,15.7731,7,,
PTL2-GG393,10/11/2024,15.7733,7,,
PTL2-GG393,10/11/2024,15.7742,7,,
PTL2-GG393,10/11/2024,15.7744,7,,
PTL2-GG393,10/11/2024,15.7753,6,,
PTL2-GG393,10/11/2024,15.7756,6,,
PTL2-GG393,10/11/2024,15.7764,6,,
PTL2-GG393,10/11/2024,15.7767,6,,
PTL2-GG393,10/11/2024,15.7775,6,,
PTL2-GG393,10/11/2024,15.7778,5,,
PTL2-GG393,10/11/2024,15.7786,5,,
PTL2-GG393,10/11/2024,15.7789,5,,
PTL2-GG393,10/11/2024,15.7797,5,,
PTL2-GG393,10/11/2024,15.7800,5,,
PTL2-GG393,10/11/2024,15.7808,5,,
PTL2-GG393,10/11/2024,15.7811,5,,
PTL2-GG393,10/11/2024,15.7819,5,,
PTL2-GG393,10/11/2024,15.7822,5,,
PTL2-GG393,10/11/2024,15.7831,4,,
PTL2-GG393,10/11/2024,15.7833,5,,
PTL2-GG393,10/11/2024,15.7839,4,,
PTL2-GG393,10/11/2024,15.7844,3,,
PTL2-GG393,10/11/2024,15.7853,4,,
PTL2-GG393,10/11/2024,15.7856,4,,
PTL2-GG393,10/11/2024,15.7864,3,,
PTL2-GG393,10/11/2024,15.7867,3,,
PTL2-GG393,10/11/2024,15.7875,4,,
PTL2-GG393,10/11/2024,15.7878,4,,
PTL2-GG393,10/11/2024,15.7886,4,,
PTL2-GG393,10/11/2024,15.7889,4,,
PTL2-GG393,10/11/2024,15.7897,4,,
PTL2-GG393,10/11/2024,15.7900,4,,
PTL2-GG393,10/11/2024,15.7908,4,,
PTL2-GG393,10/11/2024,15.7911,4,,
PTL2-GG393,10/11/2024,15.7919,4,,
PTL2-GG393,10/11/2024,15.7922,4,,
PTL2-GG393,10/11/2024,15.7931,4,,
PTL2-GG393,10/11/2024,15.7933,4,,
PTL2-GG393,10/11/2024,15.7942,3,,
PTL2-GG393,10/11/2024,15.7944,3,,
PTL2-GG393,10/11/2024,15.7953,3,,
PTL2-GG393,10/11/2024,15.7956,3,,
PTL2-GG393,10/11/2024,15.7964,3,,
PTL2-GG393,10/11/2024,15.7967,3,,
PTL2-GG393,10/11/2024,15.7975,3,,
PTL2-GG393,10/11/2024,15.7978,3,,
PTL2-GG393,10/11/2024,15.7986,3,,
PTL2-GG393,10/11/2024,15.7989,3,,
PTL2-GG393,10/11/2024,15.7997,3,,
PTL2-GG393,10/11/2024,15.8000,3,,
PTL2-GG393,10/11/2024,15.8006,3,,
PTL2-GG393,10/11/2024,15.8011,3,,
PTL2-GG393,10/11/2024,15.8019,2,,
PTL2-GG393,10/11/2024,15.8022,2,,
PTL2-GG393,10/11/2024,15.8031,3,,
PTL2-GG393,10/11/2024,15.8033,2,,
PTL2-GG393,10/11/2024,15.8042,3,,
PTL2-GG393,10/11/2024,15.8044,3,,
PTL2-GG393,10/11/2024,15.8053,0,,
PTL2-GG393,10/11/2024,15.8056,0,,
PTL2-GG393,10/11/2024,15.8067,0,,
PTL2-GG393,10/11/2024,15.8075,1,,
PTL2-GG393,10/11/2024,15.8078,1,,
PTL2-GG393,10/11/2024,15.8086,0,,
PTL2-GG393,10/11/2024,15.8089,1,,
PTL2-GG393,10/11/2024,15.8097,1,,
PTL2-GG393,10/11/2024,15.8100,2,,
PTL2-GG393,10/11/2024,15.8108,2,,
PTL2-GG393,10/11/2024,15.8111,2,,
PTL2-GG393,10/11/2024,15.8119,2,,
PTL2-GG393,10/11/2024,15.8122,1,,
PTL2-GG393,10/11/2024,15.8131,1,,
PTL2-GG393,10/11/2024,15.8133,1,,
PTL2-GG393,10/11/2024,15.8142,2,,
PTL2-GG393,10/11/2024,15.8144,2,,
PTL2-GG393,10/11/2024,15.8153,2,,
PTL2-GG393,10/11/2024,15.8156,2,,
PTL2-GG393,10/11/2024,15.8164,2,,
PTL2-GG393,10/11/2024,15.8167,2,,
PTL2-GG393,10/11/2024,15.8172,2,,
PTL2-GG393,10/11/2024,15.8178,2,,
PTL2-GG393,10/11/2024,15.8186,2,,
PTL2-GG393,10/11/2024,15.8189,2,,
PTL2-GG393,10/11/2024,15.8197,2,,
PTL2-GG393,10/11/2024,15.8200,2,,
PTL2-GG393,10/11/2024,15.8208,2,,
PTL2-GG393,10/11/2024,15.8211,2,,
PTL2-GG393,10/11/2024,15.8219,2,,
PTL2-GG393,10/11/2024,15.8222,2,,
PTL2-GG393,10/11/2024,15.8231,2,,
PTL2-GG393,10/11/2024,15.8242,1,,
PTL2-GG393,10/11/2024,15.8244,1,,
PTL2-GG393,10/11/2024,15.8253,2,,
PTL2-GG393,10/11/2024,15.8256,2,,
PTL2-GG393,10/11/2024,15.8264,2,,
PTL2-GG393,10/11/2024,15.8267,2,,
PTL2-GG393,10/11/2024,15.8275,2,,
PTL2-GG393,10/11/2024,15.8278,2,,
PTL2-GG393,10/11/2024,15.8286,2,,
PTL2-GG393,10/11/2024,15.8289,2,,
PTL2-GG393,10/11/2024,15.8297,2,,
PTL2-GG393,10/11/2024,15.8300,2,,
PTL2-GG393,10/11/2024,15.8308,2,,
PTL2-GG393,10/11/2024,15.8311,2,,
PTL2-GG393,10/11/2024,15.8319,2,,
PTL2-GG393,10/11/2024,15.8322,2,,
PTL2-GG393,10/11/2024,15.8331,2,,
PTL2-GG393,10/11/2024,15.8333,2,,
PTL2-GG393,10/11/2024,15.8339,2,,
PTL2-GG393,10/11/2024,15.8344,2,,
PTL2-GG393,10/11/2024,15.8353,2,,
PTL2-GG393,10/11/2024,15.8356,2,,
PTL2-GG393,10/11/2024,15.8364,2,,
PTL2-GG393,10/11/2024,15.8367,2,,
PTL2-GG393,10/11/2024,15.8375,2,,
PTL2-GG393,10/11/2024,15.8378,2,,
PTL2-GG393,10/11/2024,15.8386,2,,
PTL2-GG393,10/11/2024,15.8389,1,,
PTL2-GG393,10/11/2024,15.8397,1,,
PTL2-GG393,10/11/2024,15.8400,1,,
PTL2-GG393,10/11/2024,15.8408,2,,
PTL2-GG393,10/11/2024,15.8411,2,,
PTL2-GG393,10/11/2024,15.8419,2,,
PTL2-GG393,10/11/2024,15.8422,1,,
PTL2-GG393,10/11/2024,15.8431,1,,
PTL2-GG393,10/11/2024,15.8433,1,,
PTL2-GG393,10/11/2024,15.8442,1,,
PTL2-GG393,10/11/2024,15.8444,1,,
PTL2-GG393,10/11/2024,15.8453,1,,
PTL2-GG393,10/11/2024,15.8456,1,,
PTL2-GG393,10/11/2024,15.8467,0,,
PTL2-GG393,10/11/2024,15.8475,0,,
PTL2-GG393,10/11/2024,15.8478,1,,
PTL2-GG393,10/11/2024,15.8486,1,,
PTL2-GG393,10/11/2024,15.8489,1,,
PTL2-GG393,10/11/2024,15.8497,1,,
PTL2-GG393,10/11/2024,15.8500,1,,
PTL2-GG393,10/11/2024,15.8506,1,,
PTL2-GG393,10/11/2024,15.8511,1,,
PTL2-GG393,10/11/2024,15.8519,1,,
PTL2-GG393,10/11/2024,15.8522,1,,
PTL2-GG393,10/11/2024,15.8531,1,,
PTL2-GG393,10/11/2024,15.8533,1,,
PTL2-GG393,10/11/2024,15.8542,1,,
PTL2-GG393,10/11/2024,15.8544,1,,
PTL2-GG393,10/11/2024,15.8553,1,,
PTL2-GG393,10/11/2024,15.8556,1,,
PTL2-GG393,10/11/2024,15.8564,1,,
PTL2-GG393,10/11/2024,15.8567,1,,
PTL2-GG393,10/11/2024,15.8575,1,,
PTL2-GG393,10/11/2024,15.8578,1,,
PTL2-GG393,10/11/2024,15.8589,0,,
PTL2-GG393,10/11/2024,15.8597,0,,
PTL2-GG393,10/11/2024,15.8600,1,,
PTL2-GG393,10/11/2024,15.8608,1,,
PTL2-GG393,10/11/2024,15.8611,1,,
PTL2-GG393,10/11/2024,15.8619,1,,
PTL2-GG393,10/11/2024,15.8622,0,,
PTL2-GG393,10/11/2024,15.8631,0,,
PTL2-GG393,10/11/2024,15.8633,0,,
PTL2-GG393,10/11/2024,15.8642,0,,
PTL2-GG393,10/11/2024,15.8644,0,,
PTL2-GG393,10/11/2024,15.8653,0,,
PTL2-GG393,10/11/2024,15.8656,0,,
